id	middeng	middiao	midini	midkaihe	midshe	midyun	漢字_程序改名	IPA_程序改名	注釋_程序改名	2
1	一	平	端	開	果	歌	多	tɔ33	～少	2
2	一	平	透	開	果	歌	拖	tʰɔ33	～拉机	3
3	一	平	透	開	果	歌	他	tʰa33	其～	2
4	一	平	定	開	果	歌	駝	tʰɔ24	骆～	2
5	一	上	泥	開	果	歌	哪	na21	～吒	2
6	一	平	來	開	果	歌	羅	lɔ24	姓	1
7	一	上	精	開	果	歌	左	ʦɔ21	～右	2
8	一	平	見	開	果	歌	哥	kɔ33	大～，学生～	6
9	一	上	溪	開	果	歌	可	hɔ21	～能，许～证	6
10	一	平	疑	開	果	歌	鵝	ŋɔ24	天～	2
11	一	上	疑	開	果	歌	我	ŋɔ33	自～[文]	5
12	一	上	疑	開	果	歌	我	ŋai24	涯，第一人称[白]	9
13	一	去	疑	開	果	歌	餓	ŋɔ21	饥～	2
14	一	平	匣	開	果	歌	河	hɔ24	黄～	2
15	一	去	匣	開	果	歌	賀	hɔ52	祝～，～礼	5
17	三	平	羣	開	果	歌	茄	kʰiɛ24	茄子；番～	5
18	一	平	幫	合	果	歌	波	pɔ33	风～，～浪	5
19	一	去	滂	合	果	歌	破	pʰɔ52	～坏	2
20	一	平	並	合	果	歌	婆	pʰɔ24	老～	2
21	一	平	明	合	果	歌	磨	mɔ24	石～[名]	5
22	一	上	端	合	果	歌	朶	tɔ21	一～花，花～	6
23	一	去	泥	合	果	歌	糯	nɔ21	～米	2
24	一	上	從	合	果	歌	坐	ʦʰɔ33	～车，～稳	5
25	一	去	從	合	果	歌	座	ʦʰɔ21	～位，上～	5
26							簑	sɔ33	棕～，～衣	5
27	一	上	心	合	果	歌	鎖	sɔ21	～匙	2
28	一	上	見	合	果	歌	果	kuɔ21	水～	2
29	一	平	見	合	果	歌	過	kuɔ52	～去，～头	5
30	一	平	溪	合	果	歌	科	fɔ33	～学，文～	5
31	一	去	溪	合	果	歌	課	fɔ52	上～	2
32	一	上	曉	合	果	歌	火	fɔ21	着～，～车	5
33	一	去	曉	合	果	歌	貨	fɔ52	～车，百～	5
34	一	平	匣	合	果	歌	禾	vɔ24	割～，～苗	5
35	三	平	曉	合	果	歌	靴	hɛ33	皮～	2
36	二	平	幫	開	假	麻	巴	pa33	～掌，～结，～黎	8
37	二	上	幫	開	假	麻	把	pa21	～握，～脉	5
38	二	去	幫	開	假	麻	霸	pa52	恶～，～王	5
39	二	去	滂	開	假	麻	怕	pʰa52	害怕，惊～	5
40	二	平	並	開	假	麻	爬	pʰa24	～树	2
41	二	平	明	開	假	麻	麻	ma24	天～，～烦	5
42	二	上	明	開	假	麻	馬	ma33	骑～，～虎	5
43	二	平	娘	開	假	麻	拿	na24	～手，推～	5
44	二	平	澄	開	假	麻	茶	ʦʰa24	～叶	2
45	二	平	莊	開	假	麻	渣	ʦa33	药～	2
46	二	去	莊	開	假	麻	炸	ʦa52	～药	2
47	二	平	莊	開	假	麻	查	ʦʰa24	调～	2
48	二	去	生	開	假	麻	沙	sa33	泥～，～漠	5
49	二	平	見	開	假	麻	家	ka33	老～，～庭	5
50	二	上	見	開	假	麻	假	ka21	真～，～设	5
51	二	去	見	開	假	麻	架	ka52	书～	2
52	二	平	疑	開	假	麻	牙	ŋa24	～齿，刷～	5
53	二	平	曉	開	假	麻	蝦	ha21	鱼～，～公	5
54	二	上	匣	開	假	麻	下	ha33	～背，底～	5
55	二	上	匣	開	假	麻	下	ha33	～降，～流	5
56	二	上	影	開	假	麻	啞	a21	哑巴，～佬	5
57	三	上	精	開	假	麻	姐	ʨia21	小～[文]	5
58	三	去	精	開	假	麻	借	ʨia52	～钱	2
59	三	上	清	開	假	麻	且	ʨʰia21	而～，况～	5
60	三	上	心	開	假	麻	寫	ɬia21	～字	2
61	三	平	邪	開	假	麻	斜	ʨʰia24	不正	2
62	三	去	邪	開	假	麻	謝	ʨʰia21	多～；姓	4
63	三	平	章	開	假	麻	遮	ʧa33	遮挡[动]；伞[名]	10
64	三	上	章	開	假	麻	者	ʧa21	记～，作～	5
66	三	平	昌	開	假	麻	車	ʧʰa33	火～	2
67	三	上	昌	開	假	麻	扯	ʧʰa21	～开，～烂	5
68	三	平	船	開	假	麻	蛇	sa24	毒～	2
69	三	去	船	開	假	麻	射	sa21	发～，～箭	5
70	三	上	書	開	假	麻	捨	sa21	～唔得（舍不得）	8
71	三	上	禪	開	假	麻	社	sa33	～会，公～	5
72	三	上	日	開	假	麻	惹	ȵia33	～事	2
73	三	平	以	開	假	麻	爺	ja24	父亲；爷爷[文]	8
74	三	上	以	開	假	麻	野	ja33	～人	2
75	三	去	以	開	假	麻	夜	ja21	日～，～班	5
76	二	上	生	合	假	麻	傻	sɔ24	～瓜，～子	5
77	二	平	見	合	假	麻	瓜	kua33	西～，～分	5
78	二	平	溪	合	假	麻	誇	kʰua33	～大，～张	5
79	二	上	疑	合	假	麻	瓦	ŋa21	～片	2
80	二	平	曉	合	假	麻	花	fa33	开～	2
81	二	平	匣	合	假	麻	華	fa24	中～	2
82	一	上	幫	合	遇	模	補	pu21	～鞋，～充	5
83	一	去	幫	合	遇	模	布	pu52	红～，～料	5
84	一	上	並	合	遇	模	部	pʰu21	～队，干～	5
85	一	去	並	合	遇	模	步	pʰu21	跑～	2
86	一	平	明	合	遇	模	模	mu24	～型，～范	5
87	一	去	明	合	遇	模	墓	mu52	坟～，～地	5
88	一	平	端	合	遇	模	都	tu33	都是	2
89	一	上	端	合	遇	模	賭	tu21	～博	2
90	一	上	透	合	遇	模	土	tʰu21	～地	2
91	一	平	定	合	遇	模	圖	tʰu24	画～，地～	5
92	一	去	定	合	遇	模	度	tʰu21	～数，长～	5
93	一	平	泥	合	遇	模	奴	nu24	～隶	2
94	一	平	來	合	遇	模	爐	lu24	火～	2
95	一	上	來	合	遇	模	滷	lu24	盐～，～水	5
96	一	去	來	合	遇	模	路	lu21	大～	2
97	一	平	精	合	遇	模	租	ʧu33	～金，出～	5
98	一	上	精	合	遇	模	祖	ʧu21	～宗，～国	5
99	一	去	精	合	遇	模	做	ʧɔ52	～好事	3
100	一	平	清	合	遇	模	粗	ʦʰu33	～心	2
101	一	平	心	合	遇	模	蘇	ɬu33	～州；姓	4
102	一	平	見	合	遇	模	姑	ku33	大～	2
103	一	上	見	合	遇	模	鼓	ku21	锣～，～励	5
104	一	去	見	合	遇	模	故	ku52	～事，～乡	5
105	一	上	溪	合	遇	模	苦	fu21	辛～，食～（吃苦）	9
106	一	上	溪	合	遇	模	苦	fu21	～味	2
107	一	去	溪	合	遇	模	褲	fu52	裤子	2
108							吳	ŋ24	姓	1
109	一	上	疑	合	遇	模	五	ŋ21	数字	2
110	一	去	疑	合	遇	模	誤	ŋ52	～会，错～	5
111	一	上	曉	合	遇	模	虎	fu21	老～	2
112	一	平	匣	合	遇	模	胡	fu24	二～ ；姓	5
113							戶	fu21	～口	2
114	一	平	影	合	遇	模	烏	vu33	黑	1
115	三	上	娘	合	遇	魚	女	ny21	女人	2
116							呂	ly33	姓	1
117	三	去	來	合	遇	魚	慮	ly21	考～	2
118	三	平	邪	合	遇	魚	徐	ʨʰy24	姓	1
119	三	上	邪	合	遇	魚	序	ʨʰy21	顺～	2
120	三	上	初	合	遇	魚	楚	ʦʰɔ21	清～	2
121	三	平	知	合	遇	魚	豬	ʨy33	～肉	2
122	三	平	澄	合	遇	魚	除	ʨʰy24	～法	2
123	三	平	初	合	遇	魚	初	ʧu33	当～，～中	5
124	三	平	崇	合	遇	魚	鋤	ʧɔ24	～草，～禾日当午	8
125	三	去	崇	合	遇	魚	助	ʧɔ21	帮～	2
126	三	平	生	合	遇	魚	梳	sɔ33	梳子[名]；梳头[动]	11
127	三	上	章	合	遇	魚	煮	ʨy21	～饭	2
128	三	上	昌	合	遇	魚	處	ʨy52	～理，相～	5
129	三	平	書	合	遇	魚	書	ɕy33	读～	2
130	三	上	書	合	遇	魚	鼠	ɕy21	老～	2
131	三	去	禪	合	遇	魚	薯	ɕy24	番～	2
132	三	平	日	合	遇	魚	如	jy24	～果，假～	5
133	三	上	見	合	遇	魚	舉	ky21	～报，～重	5
134	三	去	見	合	遇	魚	鋸	ky52	电～	2
135	三	去	溪	合	遇	魚	去	hi52	来～，过～	5
136	三	平	羣	合	遇	魚	佢	ki24	他，第三人称	6
137	三	上	羣	合	遇	魚	巨	kʰy21	～大，艰～	5
138	三	平	疑	合	遇	魚	魚	jy24	金～	2
139	三	上	疑	合	遇	魚	語	jy33	～文	2
140							虛	ɕy33	～心	2
141	三	上	曉	合	遇	魚	許	ɕy21	允～；姓	4
142	三	平	以	合	遇	魚	餘	jy24	多～	2
143	三	去	以	合	遇	魚	預	jy21	～报，～备	5
144	三	平	非	合	遇	虞	夫	fu33	～妻，车～	5
145	三	上	非	合	遇	虞	府	fu21	政～	2
146	三	上	非	合	遇	虞	斧	pu21	～头	2
147	三	上	奉	合	遇	虞	輔	fu21	～导，～助	5
148	三	上	微	合	遇	虞	武	vu21	～器，～术	5
149	三	上	微	合	遇	虞	舞	mu21	跳～	2
150	三	去	微	合	遇	虞	務	mu52	任～，～农	5
151	三	上	清	合	遇	虞	取	ʨʰy21	～钱	2
152	三	去	清	合	遇	虞	趣	ʨʰy52	兴～	2
153	三	上	從	合	遇	虞	聚	ʨʰy21	～会	2
154	三	平	心	合	遇	虞	需	ɬi33	～要	2
155	三	上	澄	合	遇	虞	柱	ʨʰy33	柱子	2
156	三	去	澄	合	遇	虞	住	ʨʰy21	～宿	2
157	三	平	章	合	遇	虞	朱	ʨy33	姓	1
158	三	上	章	合	遇	虞	主	ʨy21	～人，地～	5
159	三	去	禪	合	遇	虞	樹	ɕy21	～立，种～	5
160	三	平	溪	合	遇	虞	區	ʨʰy33	地～，～别	5
161	三	去	羣	合	遇	虞	具	kʰi21	～体	2
162	三	去	疑	合	遇	虞	遇	jy21	遭～，相～，～到	8
163	三	上	云	合	遇	虞	雨	jy33	落～，谷～，～水	8
164	一	平	定	開	蟹	咍	臺	tʰɔi24	～湾	2
165	一	去	定	開	蟹	咍	代	tʰɔi21	～替，～表	5
166	一	去	泥	開	蟹	咍	耐	nai21	～力，～心，忍～	8
167	一	平	來	開	蟹	咍	來	lɔi24	过～，～去	5
168	一	去	精	開	蟹	咍	再	ʦai52	～来	2
169	一	上	清	開	蟹	咍	彩	ʦʰuɔi21	～色	2
170	一	去	清	開	蟹	咍	菜	ʦʰuɔi52	煮～，青～	5
171	一	平	從	開	蟹	咍	才	ʦʰuɔi24	人～，～气，秀～	8
172	一	去	心	開	蟹	咍	賽	ɬɔi52	比～	2
173	一	平	見	開	蟹	咍	該	kɔi33	应～	2
174	一	上	見	開	蟹	咍	改	kɔi21	修～，～正	5
175	一	平	溪	開	蟹	咍	開	hɔi33	公～，～门	5
176	一	上	曉	開	蟹	咍	海	hɔi21	大～	2
177	一	平	影	開	蟹	咍	哀	ɔi33	悲～	2
178	一	去	影	開	蟹	咍	愛	ɔi52	～情；要	4
179	一	去	端	開	蟹	泰	帶	tai52	鞋～	2
180	一	去	定	開	果	歌	大	tʰai21	大小	2
181	一	去	來	開	蟹	泰	賴	lai21	依～，无～；姓	7
182	一	去	疑	開	蟹	泰	艾	ȵiɛ52	艾草	2
183	一	去	匣	開	蟹	泰	害	hɔi21	～人	2
184	二	去	幫	開	蟹	皆	拜	pai52	结～，礼～，～佛	8
185	二	平	並	開	蟹	皆	排	pʰai24	～队	2
186	二	平	明	開	蟹	皆	埋	mai33	～伏	2
187	二	平	莊	開	蟹	皆	齋	ʧai33	食～（吃斋）	6
188	二	平	見	開	蟹	皆	階	kai33	台～，～级	5
189	二	去	見	開	蟹	皆	介	kai52	～绍，中～	5
190	二	上	幫	開	蟹	佳	擺	pai21	摇～	2
191	二	去	滂	開	蟹	佳	派	pʰai52	正～，～出所	6
192	二	上	明	開	蟹	佳	買	mai33	～卖	2
193	二	去	明	開	蟹	佳	賣	mai21	买～	2
194	二	平	崇	開	蟹	佳	柴	ʧʰai24	姓；火～	4
195	二	平	見	開	蟹	佳	街	kai33	～路	2
196	二	上	見	開	蟹	佳	解	kai21	～释，讲～[文]	8
197	二	平	匣	開	蟹	佳	鞋	hai24	布～	2
198	二	上	匣	開	蟹	佳	蟹	hai21	老～	2
199	二	上	影	開	蟹	佳	矮	ai21	高矮	2
200	二	去	並	開	蟹	夬	敗	pʰai21	失～	2
201	三a	去	並	開	蟹	祭	幣	pʰi21	人民～	3
202	三	去	來	開	蟹	祭	例	liɛ21	举～，～外	5
203	三	去	精	開	蟹	祭	祭	ʨi52	～祀	2
204	三	去	章	開	蟹	祭	制	ʧɛ52	～度	2
205	三	去	書	開	蟹	祭	世	sɛ52	～界	2
206	三a	去	疑	開	蟹	祭	藝	ŋɛ21	～术，文～晚会	7
207	四	上	明	開	蟹	齊	米	mi21	大米	2
208	四	平	端	開	蟹	齊	低	tɛ33	高～	2
209	四	上	端	開	蟹	齊	底	tɛ21	水～	2
210	四	平	透	開	蟹	齊	梯	tʰɔi33	楼～	2
211	四	上	透	開	蟹	齊	體	tʰi21	～育，身～	5
212	四	平	定	開	蟹	齊	題	tʰi24	～目，难～	5
213	四	平	定	開	蟹	齊	蹄	tʰɛ24	马～	2
214	四	上	定	開	蟹	齊	弟	tʰi21	兄～[文]	5
215	四	上	定	開	蟹	齊	弟	tʰɛ33	弟弟，老～[白]	8
216	四	平	泥	開	蟹	齊	泥	nɛ24	水～，地～（地板）	9
217	四	平	來	開	蟹	齊	犁	lɛ24	耕田用具	4
218	四	上	來	開	蟹	齊	禮	li33	～貌	2
219	四	平	從	開	蟹	齊	齊	ʦʰɛ24	整～，放～，来～[白]	11
220	四	平	心	開	蟹	齊	西	ɬi33	东西南北	4
221	四	上	心	開	蟹	齊	洗	ɬɛ21	～菜，～衣机	6
222	四	去	心	開	蟹	齊	細	ɬɛ52	粗细，大小	5
223	四	平	見	開	蟹	齊	雞	kɛ33	～公（公鸡）	6
224	四	去	見	開	蟹	齊	計	kɛ52	～算，会～	5
225	四	平	溪	開	蟹	齊	溪	kʰɛ33	～水	2
226							啟	kʰɛ21	～发	2
227	四	去	匣	開	蟹	齊	係	hɛ52	是[白]	4
228	一	平	幫	合	蟹	灰	杯	pei33	茶～	2
229	一	去	幫	合	蟹	灰	輩	pɔi52	～分，长～	5
230	一	去	幫	合	蟹	灰	背	pɔi52	违～，后～	5
231	一	平	滂	合	蟹	灰	坯	pʰɔi33	泥～，毛～房	6
232	一	去	滂	合	蟹	灰	配	pʰi52	分～，搭～	5
233	一	平	並	合	蟹	灰	賠	pʰɔi24	～钱	2
234	一	去	幫	合	蟹	灰	背	pɔi52	～书	2
235	一	平	明	合	蟹	灰	梅	mɔi24	～花	2
236	一	去	明	合	蟹	灰	妹	mɔi52	妹妹，姊～，老～	8
237	一	平	端	合	蟹	灰	堆	tɔi33	一～[量]，～放[动]	11
238	一	去	端	合	蟹	灰	對	tui52	～错；成双成～	7
239	一	平	透	合	蟹	灰	推	tʰui33	～荐，～动	5
240	一	去	透	合	蟹	灰	退	tʰui52	后～，～步[文]	8
241							內	nɛ21	～行，～外	5
242	一	平	來	合	蟹	灰	雷	lui24	打～，～公；姓	7
243	一	平	清	合	蟹	灰	催	ʧʰɔi33	～促，～眠	5
244	一	上	從	合	蟹	灰	罪	ʧʰɔi21	得～，犯～[文]	8
245	一	去	心	合	蟹	灰	碎	ʦʰui52	～布，破～	5
246	一	去	溪	合	蟹	灰	塊	fai52	一～钱，～头	6
247	一	平	曉	合	蟹	灰	灰	fɔi33	石～，～色	5
248	一	平	匣	合	蟹	灰	回	fei24	～想[文]	5
249	一	去	精	合	蟹	泰	最	ʦui52	～好	2
250	一	去	疑	合	蟹	泰	外	ŋɔi21	～面	2
251	一	去	見	合	蟹	泰	會	fei21	开～	2
252	一	去	見	合	蟹	泰	會	fei21	～睡，～来	5
253	二	平	見	合	蟹	皆	乖	kuai33	小孩听话	4
254	二	去	見	合	蟹	皆	怪	kuai52	奇～	2
255	二	平	匣	合	蟹	皆	懷	fai24	～疑	2
256	二	去	匣	合	蟹	皆	壞	vai21	～人	2
257	二	上	見	合	蟹	佳	拐	kvai21	～卖，铁～李	6
258	二	去	見	合	蟹	佳	掛	kʰva52	～起来，牵～，～钩	9
259	二	平	曉	合	蟹	佳	歪	vai33	～风邪气	4
260	二	去	匣	合	蟹	夬	話	va21	笑～，讲～[文，名]	10
261	二	去	匣	合	蟹	夬	話	va21	说[白，动]	6
262							稅	sɔi52	交～，～收	5
263	三	去	以	合	蟹	祭	鋭	juei21	尖～，～角	5
264	三	去	敷	合	蟹	廢	肺	fei52	猪～	2
265	三b	平	並	開	止	支	皮	pʰi24	调～，～肤	5
266	三	上	清	開	止	支	此	ʦʰə21	到～为止	4
267	三	平	知	開	止	支	知	ti33	通～，～道，无～[文]	11
268	三	平	知	開	止	支	知	ti33	知道，唔～[白]	8
269	三	平	澄	開	止	支	池	ʦʰə24	水～	2
270	三	上	章	開	止	支	紙	ʨi21	白～	2
271	三	平	日	開	止	支	兒	ji24	～童	2
272	三b	平	羣	開	止	支	騎	kʰi24	～马	2
273	三b	上	羣	開	止	支	徛	kʰi33	站立；（山）斜度高	9
274	三b	平	疑	開	止	支	儀	ȵi21	礼～，～式	5
275	三b	上	疑	開	止	支	蟻	ȵiɛ52	蚂蚁，白～	5
276	三b	去	疑	開	止	支	義	ȵi21	情～，～气	5
277	三b	去	曉	開	止	支	戲	ɕi52	做～	2
278	三b	上	影	開	止	支	椅	ji21	椅子，藤～	5
279	三	去	以	開	止	支	易	ji21	容～	2
280	三b	上	幫	開	止	脂	鄙	pʰi21	差劲[白]	5
281	三a	上	幫	開	止	脂	比	pi21	～较，对～	5
282	三a	去	滂	開	止	脂	屁	pʰi52	放～	2
283	三a	去	並	開	止	脂	鼻	pʰi21	鼻子；鼻涕	5
284	三b	平	明	開	止	脂	眉	mi24	眉毛，画～	5
285	三b	上	明	開	止	脂	美	mi33	～丽，～化	5
286	三	去	定	開	止	脂	地	tʰi21	土～	2
287	三	去	娘	開	止	脂	膩	net5	油～，细～	5
288	三	平	精	開	止	脂	資	ʦə33	～本	2
289	三	上	精	開	止	脂	姊	ʨia21	～妹	2
290	三	去	清	開	止	脂	次	ʦʰə52	名～，～品	5
291	三	去	從	開	止	脂	自	ʦʰə21	～私	2
292	三	去	心	開	止	脂	四	ɬi52	数字	2
293	三	平	生	開	止	脂	師	sə33	老～，～父	5
294	三	上	章	開	止	脂	指	ʨi21	手～，～甲	5
295	三	上	書	開	止	脂	屎	ɕi21	狗～	2
296	三	去	日	開	止	脂	二	ȵi52	数字	2
297	三	平	以	開	止	脂	姨	ji33	大～，～丈	5
298	三	上	來	開	止	之	李	li21	姓；水果	4
299	三	上	來	開	止	之	理	li33	道～，～由	5
300	三	上	精	開	止	之	子	ʦə21	～孙；孔～	5
301	三	去	從	開	止	之	字	sə21	～典，文～	5
302	三	平	心	開	止	之	絲	ɬə33	～绸	2
303	三	平	邪	開	止	之	詞	ʦʰə24	歌～	2
304	三	去	邪	開	止	之	寺	sə21	～庙，灵光～	6
305	三	上	崇	開	止	之	柿	ɕi52	柿子，～饼	5
306	三	去	章	開	止	之	痣	ʨi52	乌～	2
307	三	上	昌	開	止	之	齒	ʨi21	牙～	2
308	三	平	書	開	止	之	詩	sə33	～人	2
308	三	平	書	開	止	之	詩	ɕi33	～人	2
309	三	平	禪	開	止	之	時	ɕi24	～间，当～	5
310	三	上	日	開	止	之	耳	ȵi21	耳朵，中～炎	6
311	三	平	見	開	止	之	基	ki33	～本，地～	5
312	三	去	見	開	止	之	記	ki52	笔～，～号	5
313	三	上	溪	開	止	之	起	ʦʰə24		0
314	三	上	曉	開	止	之	喜	hi21	～欢	2
315	三	平	影	開	止	之	醫	ji33	～生	2
316	三	去	影	開	止	之	意	ji52	～思	2
317	三	上	以	開	止	之	以	ji52	可～，～为	5
318	三	平	見	開	止	微	幾	ji33	～只	2
319	三	去	溪	開	止	微	氣	hi52	～人，空～	5
320	三	平	曉	開	止	微	希	hi33	～望	2
321	三	平	邪	合	止	支	隨	ʦʰɔi24	～时，～便	5
322	三	平	昌	合	止	支	吹	ʦʰɔi33	～牛皮，～喇叭	7
323	三b	上	羣	合	止	支	跪	kvʰui21	下～	2
324	三b	平	疑	合	止	支	危	ŋei24	～险，安～	5
325	三b	上	影	合	止	支	委	vei33	～托，常～	5
326	三	去	來	合	止	脂	類	lei21	分～	2
327	三	平	知	合	止	脂	追	ʧui33	～求[文]	5
328	三	平	生	合	止	脂	衰	sei33	～弱，～老[文]	8
329	三	上	書	合	止	脂	水	sei21	～果，～平	5
330	三b	平	見	合	止	脂	龜	kui33	乌～	2
331	三a	平	羣	合	止	脂	葵	kʰui24	向日～，～花籽	7
332	三b	去	羣	合	止	脂	櫃	kʰui21	～台	2
333	三	去	云	合	止	脂	位	vei21	座～，～置	5
334	三	平	以	合	止	脂	維	vei24	～生素，～持，纤～	9
335	三	平	非	合	止	微	飛	fei33	～机；飞行	5
336	三	去	敷	合	止	微	費	fei52	～用，浪～	5
337	三	平	奉	合	止	微	肥	pʰei24	化～，～肉	5
338	三	上	微	合	止	微	尾	mei33	尾巴	2
339	三	去	微	合	止	微	味	mei21	～道，～精	5
340	三	上	見	合	止	微	鬼	kui21	鬼神	2
341	三	去	見	合	止	微	貴	kui52	～重	2
342	三	去	疑	合	止	微	魏	ŋei21	～国；姓	4
343	三	平	影	合	止	微	威	vei33	～风，～胁	5
344	三	去	影	合	止	微	畏	vei52	不喜欢；怕，～热	8
345	三	上	云	合	止	微	偉	vei21	～大	2
346	三	去	云	合	止	微	胃	vei52	肠～	2
347	一	上	幫	開	效	豪	寶	pɔ21	～贝	2
348	一	去	幫	開	效	豪	報	pɔ52	～告，日～	5
349	一	平	並	開	效	豪	袍	pʰau24	长～，袄～	5
350	一	去	並	開	效	豪	暴	pʰau21	～雨，残～	5
351	一	平	明	開	效	豪	毛	mɔ33	～病，鸡～	5
352	一	去	明	開	效	豪	帽	mɔ21	草～	2
353	一	平	端	開	效	豪	刀	tɔ33	菜～	2
354	一	去	端	開	效	豪	到	tɔ52	～站	2
355	一	上	透	開	效	豪	討	tʰau21	～老婆，～厌	6
355	一	上	透	開	效	豪	討	tʰau21	～老婆，～厌	6
356	一	去	透	開	效	豪	套	tʰɔ52	配～，～房	5
357	一	平	定	開	效	豪	桃	tʰɔ24	杨～，～花	5
358	一	上	定	開	效	豪	稻	tʰɔ21	水～	2
359	一	去	定	開	效	豪	導	tʰɔ21	领～，～师	5
360	一	上	泥	開	效	豪	惱	nɔ21	烦～[文]	5
361	一	上	泥	開	效	豪	惱	nɔ21	讨厌，不喜欢[白]	9
362	一	平	來	開	效	豪	勞	lɔ24	～动	2
363	一	上	來	開	效	豪	老	lɔ21	～爷，～实	5
364	一	平	精	開	效	豪	糟	ʦɔ33	酒～，～糕	5
365	一	上	精	開	效	豪	早	ʦɔ21	还～	2
366	一	去	精	開	效	豪	竈	ʦɔ52	～头，～神	5
367	一	上	清	開	效	豪	草	ʦʰɔ21	青～，～稿	5
368	一	上	從	開	效	豪	造	ʦɔ52	创～	2
369	一	平	心	開	效	豪	臊	ʦʰɔ52	臭～	2
370	一	上	心	開	效	豪	掃	ɬɔ52	～地[动]	5
371	一	上	心	開	效	豪	嫂	ɬɔ21	大～	2
372	一	平	見	開	效	豪	高	kɔ33	姓；～低	4
373	一	上	見	開	效	豪	稿	kɔ21	草～，～纸	5
374	一	去	見	開	效	豪	告	kɔ52	报～，～状	5
375	一	上	溪	開	效	豪	考	hau21	～试，大～	5
376	一	去	溪	開	效	豪	靠	kʰau52	依～，可～	5
377	一	平	疑	開	效	豪	熬	ŋau24	～汤，～夜	5
378	一	上	曉	開	效	豪	好	hɔ21	～人	2
379	一	平	匣	開	效	豪	號	hɔ21	～码，口～[名]	8
380	一	上	影	開	效	豪	襖	ɔ52	棉～，～袍	5
381	二	平	幫	開	效	肴	包	pau33	钱～，～围	5
382	二	上	幫	開	效	肴	飽	pau21	食～（吃饱）	6
383	二	去	幫	開	效	肴	爆	pau52	～炸	2
384	二	去	滂	開	效	肴	炮	pʰau52	枪～	2
385	二	平	並	開	效	肴	跑	pʰau21	～步	2
386	二	平	明	開	效	肴	茅	mau24	～庐	2
387	二	平	明	開	效	肴	貓	miau55	大～	2
388	二	去	明	開	效	肴	貌	mau21	礼～	2
389	二	去	娘	開	效	肴	鬧	nɔ21	～热，～事	5
390	二	去	知	開	效	肴	罩	ʦau52	灯～，床～	5
391	二	上	莊	開	效	肴	爪	ʦau21	鸡～	2
392	二	平	初	開	效	肴	抄	ʦʰau33	～书	2
393	二	上	初	開	效	肴	炒	ʦʰau21	～股，～菜	5
394	二	平	見	開	效	肴	交	kau33	～通，～钱[文]	8
395	二	上	疑	開	效	肴	咬	ŋau33	～人	2
396	二	去	曉	開	效	肴	孝	hua52	～顺	2
397	二	去	匣	開	效	肴	效	hua21	～果	2
398	三a	平	幫	開	效	宵	標	piau33	～准，～志，招～	8
399	三b	上	幫	開	效	宵	表	piau21	图～，～扬	5
400	三a	去	滂	開	效	宵	票	pʰiau52	车～	2
401	三b	平	明	開	效	宵	苗	miau24	鱼～，～族	5
402	三a	上	明	開	效	宵	秒	miau21	～针	2
403	三b	去	明	開	效	宵	廟	miau21	和尚～	3
404	三	去	來	開	效	宵	療	liau24	治～，～养	5
405	三	平	精	開	效	宵	椒	ʦiau33	胡～	2
406	三	平	心	開	效	宵	消	ɬiau33	～化	2
407	三	上	心	開	效	宵	小	ɬiau21	～姐，～人	5
408	三	去	心	開	效	宵	笑	ɬiau52	～话，玩～	5
409	三	平	知	開	效	宵	朝	ʦau33	～晨，三～	5
410	三	平	徹	開	效	宵	超	ʦʰau33	～过	2
411	三	平	知	開	效	宵	朝	ʦʰau24	～代	2
412	三	上	澄	開	效	宵	趙	ʦʰau21	姓	1
413	三	平	章	開	效	宵	招	ʦau33	～生	2
414	三	去	章	開	效	宵	照	ʦau52	～明，～顾	5
415	三	平	書	開	效	宵	燒	sau33	～水，发～	5
416	三	上	書	開	效	宵	少	sau21	～数，多～	5
417	三	上	書	開	效	宵	少	sau21	～年，～爷	5
418	三	平	日	開	效	宵	饒	ȵiau24	～命，求～	5
419	三	上	日	開	效	宵	繞	iau24	围～，～线	5
420	三b	平	見	開	效	宵	嬌	kiau33	～气，做～（撒娇）	9
421	三b	平	羣	開	效	宵	橋	kʰiau24	大～	2
422	三b	去	羣	開	效	宵	轎	kʰiau21	坐～，扛～	5
423	三a	平	影	開	效	宵	要	iau52	～求	2
424	三a	平	影	開	效	宵	要	iau21	重～	2
425							搖	ȵiau24	动～，～篮	5
426	三	上	以	開	效	宵	舀	iau21	～水	2
427	三	去	以	開	效	宵	耀	iau21	～眼，荣～	5
428	四	上	端	開	效	蕭	鳥	niau21	花～市场[文]	7
429	四	上	端	開	效	蕭	鳥	tiau33	～笼[白]	5
430	四	上	端	開	效	蕭	鳥	tiau33	骂人话，交合[白]	9
431	四	去	端	開	效	蕭	吊	tiau52	上～，～车	5
432	四	平	透	開	效	蕭	挑	tʰiau33	～剔，～担	5
433	四	去	透	開	效	蕭	跳	tʰiau52	～高，起～	5
434	四	平	定	開	效	蕭	條	tʰiau24	～件，字～	5
435	四	平	定	開	效	蕭	調	tʰiau21	音～	2
436	四	去	泥	開	效	蕭	尿	ȵiau21	屙～	2
437	四	上	來	開	效	蕭	了	liau21	～结；明～，～解	8
438	四	去	來	開	效	蕭	料	liau52	肥～，材～	5
439	四	上	見	開	效	蕭	繳	kiau21	～枪，～费	5
440	四	上	見	開	效	蕭	僥	hiau33	～幸	2
441	四	去	見	開	效	蕭	叫	kiau52	大～:小孩哭	6
442	四	去	溪	開	效	蕭	竅	kʰiau52	～门	2
443	四	上	曉	開	效	蕭	曉	hiau21	春～，～得	5
444	一	上	滂	開	流	侯	剖	pʰau21	解～	2
445	一	上	明	開	流	侯	畝	mɛ33	一～田	3
446	一	上	明	開	流	侯	母	mu33	父～	2
447	一	去	明	開	流	侯	貿	mɛ21	外～，～易	5
448	一	平	端	開	流	侯	兜	tɛ33	～风	2
449	一	上	端	開	流	侯	斗	tɛ21	十升为一斗	5
450	一	去	端	開	流	侯	鬥	tɛ52	～争，批～	5
451	一	平	透	開	流	侯	偷	tʰɛ33	小～	2
452	一	去	透	開	流	侯	透	tʰɛ52	～明	2
453	一	平	定	開	流	侯	頭	tʰɛ24	开～	2
454	一	去	定	開	流	侯	豆	tʰɛ21	黄～	2
455	一	平	來	開	流	侯	樓	lɛ24	～下	2
456	一	去	來	開	流	侯	漏	lɛ21	～水，～斗	5
457	一	上	精	開	流	侯	走	zɛ21	行走	2
458	一	去	精	開	流	侯	奏	ʨiu52	节～	2
459	一	去	清	開	流	侯	湊	ʨiu52	～数，～热闹	6
460	一	平	見	開	流	侯	鉤	tiau52	鱼～	2
461	一	上	見	開	流	侯	狗	kɛ21		0
462	一	平	見	開	流	侯	夠	kɛ52	足～	2
463	一	平	溪	開	流	侯	摳	kʰy33	挖	1
464	一	上	溪	開	流	侯	口	hɛ24	～头，开～	5
465	一	上	溪	開	流	侯	口	hɛ21	一～饭	3
466	一	去	溪	開	流	侯	扣	kʰɛ52	～钱，～压	5
467	一	上	疑	開	流	侯	藕	ŋɛ21	～断丝连，莲～	7
468	一	平	匣	開	流	侯	喉	hɛ24	～咙	2
469	一	上	匣	開	流	侯	後	hɛ21	～生，～来[文]	8
470	一	上	匣	開	流	侯	後	hɛ21	～日[白]	5
471	一	平	影	開	流	侯	歐	ɛ33	～洲；姓	4
472	一	上	影	開	流	侯	嘔	ɛ21	～吐	2
473	一	去	影	開	流	侯	漚	ɛ21	久浸水中，～坏，～肥	10
474	三	上	非	開	流	尤	否	fɛ21	是～，～定	5
475	三	去	非	開	流	尤	富	fu52	丰～，～贵	5
476	三	平	明	開	流	尤	謀	mɛ24	计～，～财害命	7
477	三	上	娘	開	流	尤	紐	ŋɛu21	纽扣；～约（地名）	9
478	三	平	來	開	流	尤	劉	lɛu24	姓	1
479	三	上	來	開	流	尤	柳	lɛu52	～树	2
480	三	上	精	開	流	尤	酒	tɕɛu21	～精	2
481	三	平	清	開	流	尤	秋	ʨʰɛu33	～天；～千	5
482	三	去	從	開	流	尤	就	ʦʰɛu21	成～，～去	5
483	三	平	心	開	流	尤	修	ɬɛu33	装～，～正	5
484	三	去	心	開	流	尤	秀	ɬɛu52	清～，～才	5
485	三	去	邪	開	流	尤	袖	ʦʰɛu21	领～，衫～（衣袖）	9
486	三	去	知	開	流	尤	晝	ʦɛu52	上～，～夜	5
487	三	平	徹	開	流	尤	抽	ʦʰɛu33	～出	2
488	三	平	澄	開	流	尤	綢	ʦʰɛu24	～缎，丝～	5
489	三	去	澄	開	流	尤	宙	ʦʰɛu21	宇～	2
490	三	平	莊	開	流	尤	鄒	ʦau33	姓，～家华	5
491	三	去	莊	開	流	尤	皺	ŋiu52	～纹	2
492	三	平	崇	開	流	尤	愁	ʦʰɛu24	～眉苦脸	4
493	三	平	生	開	流	尤	搜	ɬɛu33	～查	2
494	三	去	生	開	流	尤	瘦	ɬɛ52	肥瘦	2
495	三	平	章	開	流	尤	周	ʦɛu33	姓；～围，～年	7
496	三	上	昌	開	流	尤	醜	ʦʰɛu21	不好看，出～	6
497	三	去	昌	開	流	尤	臭	ʦʰɛu52	～味	2
498	三	平	書	開	流	尤	收	sɛu33	丰～，～集	5
499	三	上	書	開	流	尤	手	sɛu21	～脚，～段	5
500	三	去	書	開	流	尤	獸	ʦʰɛu52	野～	2
501	三	平	禪	開	流	尤	仇	sɛu24	～人，报～	5
502	三	去	禪	開	流	尤	壽	sɛu21	长～	2
503	三	上	見	開	流	尤	九	kɛu21	数字，～龙	5
504	三	去	見	開	流	尤	救	kɛu52	～命	2
505	三	平	羣	開	流	尤	求	kʰɛu24	要～	2
506	三	上	羣	開	流	尤	舅	kʰɛu33	～公	2
507	三	去	羣	開	流	尤	舊	kʰɛu21	新～	2
508	三	平	疑	開	流	尤	牛	ŋɛu24	～牯	2
509	三	平	曉	開	流	尤	休	ɕɛu33	～息，退～	5
510	三	上	云	開	流	尤	有	jɛu33	～钱	2
511	三	去	云	開	流	尤	右	jɛu21	左～	2
512	三	平	以	開	流	尤	油	jɛu24	麻～	2
513	三	平	端	開	流	幽	丢	tɛu33	～失	2
514	一	入	端	開	咸	合	答	tap21	回～	2
515	一	平	透	開	咸	覃	貪	tʰam33	～心	2
516	一	去	透	開	咸	覃	探	tʰam52	试～	2
517	一	平	泥	開	咸	覃	南	nam24	东南西北	4
518	一	入	泥	開	咸	合	納	nap5	归～	2
519	一	平	清	開	咸	覃	參	ʦʰam33	～军，～加	5
520	一	上	清	開	咸	覃	慘	ʦʰam21	悲～	2
521	一	平	從	開	咸	覃	蠶	ʦʰam24	～丝	2
522	一	入	從	開	咸	合	雜	ʦʰap5	复～	2
523	一	入	見	開	咸	合	鴿	kap21	白～	2
524	一	上	溪	開	咸	覃	砍	kʰam21	～伤	2
525	一	平	匣	開	咸	覃	含	hem24	包～[文]	5
526	一	平	匣	開	咸	覃	含	hem24	～糖[白]	5
527	一	入	見	開	咸	合	合	hap5	～作，～适[文]	8
528	一	入	見	開	咸	合	合	kap21	～本，～伙[白]	8
529	一	平	影	開	咸	覃	庵	am33	尼姑～	3
530	一	上	影	開	咸	覃	揞	em33	手覆，揞住	5
531	一	去	影	開	咸	覃	暗	am52	不亮	2
532	一	平	端	開	咸	談	擔	tam33	～任[动]	5
533	一	平	端	開	咸	談	擔	tam33	～竿[名]	5
534	一	上	端	開	咸	談	膽	tam21	大～	2
535	一	入	透	開	咸	盍	塔	tʰap21	宝～	2
536	一	平	定	開	咸	談	痰	tʰam24	吐～	2
537	一	平	定	開	咸	談	淡	tʰam33	～水（地名）	6
538	一	平	定	開	咸	談	淡	tʰam33	咸～；浓～	5
539	一	平	來	開	咸	談	籃	lam24	菜～	2
540	一	上	來	開	咸	談	欖	lam21	橄～，乌～	5
541	一	入	來	開	咸	盍	臘	lap5	～肉，～肠	5
542	一	去	從	開	咸	談	暫	ʨʰiam21	～时	2
543	一	平	見	開	咸	談	甘	kam33	甜；～心	4
544	一	上	見	開	咸	談	敢	kam21	勇～	2
545	二	上	莊	開	咸	咸	斬	ʦam21	白～鸡	3
546	二	去	莊	開	咸	咸	蘸	ʦam33	～豉油	3
547	二	入	初	開	咸	洽	插	ʦʰap21	～花	2
548	二	平	生	開	咸	咸	杉	ʦʰam52	～树	2
549	二	入	見	開	咸	洽	夾	kʰiap5	夹子；～心饼干	7
550	二	入	溪	開	咸	洽	恰	hap5	～切，～当	5
551	二	平	匣	開	咸	咸	鹹	ham24	～淡	2
552	二	去	匣	開	咸	咸	陷	ham21	～害，～井	5
553	二	平	生	開	咸	銜	衫	ɬam33	衬～，～裤（衣服）	9
554	二	去	見	開	咸	銜	鑑	kam52	～定	2
555	二	入	見	開	咸	狎	甲	kap21	天干，甲乙丙丁	7
556	二	平	疑	開	咸	銜	巖	ŋam24	～石，石灰～	6
557	二	入	影	開	咸	狎	鴨	ap21	鸭子	2
558	二	入	影	開	咸	狎	壓	at21	～力	2
559	三	平	來	開	咸	鹽	鐮	liam24	镰刀，禾～	5
560	三	入	來	開	咸	葉	獵	liat5	打～，～人	5
561	三	平	精	開	咸	鹽	尖	ʨiam33	～刀	2
562	三	入	精	開	咸	葉	接	ʨiap21	迎～，～待	5
563	三	平	清	開	咸	鹽	籤	ʨʰiam33	竹～，求～	5
564	三	平	從	開	咸	鹽	潛	ʨiam24	～力	2
565	三	上	從	開	咸	鹽	漸	ʨiam21	逐～	2
566	三	入	從	開	咸	葉	捷	ʨiap21	～报，大～，敏～	8
567	三	平	知	開	咸	鹽	沾	ʧam52	～光	2
568	三	去	章	開	咸	鹽	佔	ʧam52	～领，～地方	6
569	三	入	章	開	咸	葉	摺	ʧap21	～被，～叠	5
570	三	上	書	開	咸	鹽	閃	sam21	～开	2
571	三	入	書	開	咸	葉	攝	sap21	～影	2
572	三	入	禪	開	咸	葉	涉	sap5	～及	2
573	三	上	日	開	咸	鹽	染	ȵiam21	污～	2
574	三b	上	見	開	咸	鹽	檢	kiam21	～查，体～	5
575	三b	平	羣	開	咸	鹽	鉗	kʰiam24	～工，火～	5
576	三b	上	羣	開	咸	鹽	儉	kiam21	勤～	2
577	三b	上	曉	開	咸	鹽	險	sam21	危～，保～	5
578	三b	上	影	開	咸	鹽	掩	iam21	～护	2
579	三a	去	影	開	咸	鹽	厭	ȵiam52	讨～	2
580	三	平	以	開	咸	鹽	鹽	iam24		0
581	三	入	以	開	咸	葉	葉	iap5	树～；姓	4
582	三	去	見	開	咸	嚴	劍	kiam52	宝～	2
583	三	入	見	開	咸	業	劫	kiap21	抢～	2
584	三	去	溪	開	咸	嚴	欠	hiam52	～钱，拖～	5
585	三	平	疑	開	咸	嚴	嚴	ŋan24	～格；姓	4
586	三	入	疑	開	咸	業	業	ȵiap5	事～，～余	5
587	三	平	影	開	咸	嚴	醃	iap21	腌制	2
588	四	上	端	開	咸	添	點	tiam21	～心，～头	5
589	四	去	端	開	咸	添	店	tiam52	开～	2
590	四	入	端	開	咸	帖	跌	tiap21	～打	2
591	四	平	透	開	咸	添	添	tʰiam33	～加，～丁	5
592	四	入	透	開	咸	帖	貼	tʰiap21	补～	2
593	四	入	透	開	咸	帖	貼	tʰiap21	～纸，～对联[动]	9
594	四	平	定	開	咸	添	甜	tʰiam24		0
595	四	入	定	開	咸	帖	碟	tʰiap5	盛具，碟子	5
596	四	去	泥	開	咸	添	念	ȵiam21	～经，怀～	5
597	四	平	見	開	咸	添	兼	kiam33	～职	2
598	四	平	溪	開	咸	添	謙	sam33	～虚	2
599	四	平	匣	開	咸	添	嫌	sam24	～弃，～人	5
600	四	入	匣	開	咸	帖	協	sap5	～会，～作	5
601	三	入	非	合	咸	乏	法	fa21	方～	2
602	三	平	奉	合	咸	凡	凡	fam24	平～	2
603	三	上	奉	合	咸	凡	犯	fam21	～法[文]	5
604	三b	上	滂	開	深	侵	品	pʰem21	～德	2
605	三	平	來	開	深	侵	林	lem24	树～；姓	4
606	三	入	來	開	深	緝	立	lɛp21	～足	2
607	三	入	來	開	深	緝	粒	lep5	三～，颗～	5
608	三	去	精	開	深	侵	浸	ʦem52	～水	2
609	三	入	從	開	深	緝	集	ʦʰɛp21	～合，～体	5
610	三	平	心	開	深	侵	心	ɬem33	～肝，内～	5
611	三	平	邪	開	深	侵	尋	ʦʰem24	～人	2
612	三	平	澄	開	深	侵	沉	ʦʰem24	～底	2
613	一	平	清	開	咸	覃	參	ʦʰam33	人～	2
614	三	平	章	開	深	侵	針	ʦem52	～线，～对	5
615	三	上	章	開	深	侵	枕	ʦem21	～头[名]；～枕头[动]	12
616	三	入	章	開	深	緝	汁	ʦɛp5	菜～，果～	5
617	三	平	書	開	深	侵	深	ʦʰem33	～浅，～入	5
618	三	上	書	開	深	侵	沈	sem21	姓；地名，～阳	7
619	三	入	書	開	深	緝	濕	sɛp21	潮～	2
620	三	入	禪	開	深	緝	十	sɛp5	数字	2
621	三	平	日	開	深	侵	任	ȵiem21	姓；责～，～何	7
622	三	入	日	開	深	緝	入	jɛp52	～门，进～	5
623	三b	平	見	開	深	侵	金	kem33	～银	2
624	三b	上	見	開	深	侵	錦	kem21	～绣，～旗	5
625	三b	平	見	開	深	侵	禁	kem52	～止	2
626	三b	入	見	開	深	緝	急	kɛp21	心～	2
627	三b	入	見	開	深	緝	級	kʰɛp5	～别，年～	5
628	三b	平	溪	開	深	侵	欽	ham21	～差，～佩	5
629	三b	平	羣	開	深	侵	琴	kʰem24	弹～	2
630	三b	入	羣	開	深	緝	及	kʰɛp5	～时	2
631	三b	入	曉	開	深	緝	吸	kʰɛp5	呼～，～引	5
632	三b	平	影	開	深	侵	陰	jim33	～天	2
633	三b	上	影	開	深	侵	飲	jim21	～料	2
634	一	平	端	開	山	寒	單	tam33	～独	2
635	一	去	端	開	山	寒	旦	tam52	元～，花～	5
636	一	平	透	開	山	寒	攤	tʰam33	分～，～开，摆～	8
637	一	去	透	開	山	寒	炭	tʰam52	烧～	2
638	一	平	定	開	山	寒	彈	tʰam24	～琴	2
639	一	入	定	開	山	曷	達	tʰat21	发～，～到	5
640	一	平	泥	開	山	寒	難	nan24	困～	2
641	一	入	泥	開	山	曷	捺	nat21	撇～	2
642	一	平	來	開	山	寒	蘭	lan24	～花	2
643	一	上	來	開	山	寒	懶	lan33	懒惰，～尸	5
644	一	去	來	開	山	寒	爛	lan21	灿～，腐～	5
645	一	入	來	開	山	曷	辣	lat5	～椒	2
646	一	去	精	開	山	寒	贊	ʦan52	称～，～助	5
647	一	平	清	開	山	寒	餐	ʦʰan33	～车，快～	5
648	一	平	從	開	山	寒	殘	ʦʰan24	～废	2
649	一	上	心	開	山	寒	散	ɬan21	药～	2
650	一	上	心	開	山	寒	散	ɬan52	分～，解～	5
651							亁	kɔn33	烘～，饼～	5
652	一	上	見	開	山	寒	趕	kɔn21	追～	2
653	一	去	見	開	山	寒	幹	kɔn52	～部，才～	5
654	一	入	見	開	山	曷	割	kɔt21	～禾（割稻）	6
655	一	平	溪	開	山	寒	看	hɔn52	看见	2
656	一	入	溪	開	山	曷	渴	hɔi21	口渴；～望	5
657	一	去	疑	開	山	寒	岸	ŋɔn52	口～，两～	5
658	一	平	匣	開	山	寒	寒	hɔn24	大～，～流	5
659	一	去	匣	開	山	寒	汗	hɔn21	出～，～马功劳	7
660	一	平	影	開	山	寒	安	ɔn33	公～，～全	5
661	一	去	影	開	山	寒	案	ɔn52	～件，档～	5
662	二	上	曉	合	蟹	佳	扮	pʰan21	打～	2
663	二	入	幫	開	山	黠	八	bat21	数字	2
664	二	去	並	開	山	山	辦	pʰan21	～事	2
665	二	入	並	開	山	黠	拔	pʰat5	～河，选～	5
666	二	上	莊	開	山	山	盞	ʦan21	灯～（灯）	5
667	二	入	莊	開	山	黠	紮	ʦat21	～紧，驻～	5
668	二	上	初	開	山	山	鏟	ʦʰan21	～草	2
669	二	入	初	開	山	黠	察	ʦʰat21	观～	2
670	二	平	生	開	山	山	山	ɬan33		0
671							產	ʦʰan21	生～	2
672	二	入	生	開	山	黠	殺	ɬat21	～人，自～	5
673	二	平	見	開	山	山	間	kan33	房～，中～	5
674	二	上	見	開	山	山	揀	kan21	挑选	2
675	二	上	疑	開	山	山	眼	ŋan21	双～皮	3
676	二	平	匣	開	山	山	閑	han24	～事，空～	5
677	二	上	匣	開	山	山	限	han21	期～，～制	5
678	二	平	幫	開	山	删	班	pan33	上～	2
679	二	上	幫	開	山	删	板	pan21	黑～，石～	5
680	二	平	明	開	山	删	蠻	man24	不听话；野～	6
680	二	平	明	開	山	删	蠻	man24	不听话；野～	6
681	二	去	明	開	山	删	慢	man21	～车	2
682							顏	ŋan24	姓；～色	4
683	二	去	疑	開	山	删	雁	ŋan52	大～	2
685	三b	去	幫	開	山	仙	變	pien52	～化，改～	5
686	三a	入	幫	開	山	薛	鼈	piɛt21	甲鱼	2
687	三a	平	滂	開	山	仙	篇	pʰian33	一～文章	4
688	三a	平	並	開	山	仙	便	pʰian21	～宜	2
689	三b	上	並	開	山	仙	辨	pʰan21	分～，～别	5
690	三a	平	並	開	山	仙	便	pʰian24	方～	2
691							別	pʰiɛt5	离～，分～	5
692	三a	平	明	開	山	仙	棉	mian24	～花	2
693	三b	上	明	開	山	仙	免	mian33	难～，～除	5
694	三a	去	明	開	山	仙	面	mian52	～子	2
695	三a	入	明	開	山	薛	滅	miɛt5	消～，～亡	5
696	三	平	來	開	山	仙	聯	lian24	～系；对～	5
697	三	入	來	開	山	薛	烈	liɛt5	～士，热～	5
698	三	平	精	開	山	仙	煎	ʨian33	～药，～鱼	5
699	三	上	精	開	山	仙	剪	ʨian21	～刀	2
700	三	去	精	開	山	仙	箭	ʨian52	射～	2
701	三	上	清	開	山	仙	淺	ʨʰian21	深～	2
702	三	平	從	開	山	仙	錢	ʨian24	～财	2
703	三	去	從	開	山	仙	賤	ʨian21	下～，～人	5
704	三	平	心	開	山	仙	仙	ɬian33	神～	2
705	三	上	心	開	山	仙	癬	ɬian21	发～（生癣）	6
706	三	去	心	開	山	仙	線	ɬian52	～索	2
707	三	上	知	開	山	仙	展	ʧam21	开～，发～	5
708	三	入	徹	開	山	薛	撤	ʧʰat5	～退	2
709	三	平	澄	開	山	仙	纏	ʧʰan24	纠～，～线	5
710	三	去	章	開	山	仙	戰	ʧan52	～斗	2
711	三	入	章	開	山	薛	折	ʨiɛt21	～断，打～	5
712	二	入	匣	合	山	鎋	舌	sat5	舌头	2
713	三	入	書	開	山	薛	設	sat21	～计，建～	5
714	三	上	禪	開	山	仙	善	san21	～良，心～	5
715	三	平	日	開	山	仙	然	ian24	～后，居～	5
716	三	入	日	開	山	薛	熱	ȵiat5	冷～，～情	5
717	一	平	見	開	山	寒	乾	kʰien24	～坤，～隆	5
718	三b	上	羣	開	山	仙	件	kʰien21	事～	2
719	三b	入	羣	開	山	薛	傑	kiɛt21	～出	2
720	三	平	以	開	山	仙	延	jan24	～长，～安	5
721	三	上	以	開	山	仙	演	jan21	～员，表～	5
722	三	去	見	開	山	元	建	kien52	～设	2
723	三b	入	溪	開	山	薛	揭	kʰiɛt21	～发，～露	5
724	三	平	疑	開	山	元	言	ȵian24	语～	2
725	三	去	曉	開	山	元	獻	hian52	贡～	2
726	三	入	曉	開	山	月	歇	kʰiɛt21	～夜（过夜）	6
727	四	平	幫	開	山	先	邊	pien33	～疆，旁～	5
728	三a	平	滂	開	山	仙	扁	pien21	圆扁	2
729	四	去	滂	開	山	先	片	pʰien52	一～，～面	5
730	四	入	滂	開	山	屑	撇	piɛt21	～捺，～开	5
731	四	平	端	開	山	先	顛	tien33	～倒	2
732	四	上	端	開	山	先	典	tien21	～型，词～	5
733	四	平	透	開	山	先	天	tʰien33	～才	2
734	四	入	透	開	山	屑	鐵	tʰiɛt21	～皮	2
735	四	平	定	開	山	先	田	tʰien24	种～	2
736	四	去	定	開	山	先	電	tʰien21	触～，～灯	5
737	四	去	定	開	山	先	墊	tʰiap5	～钱，座～	5
738	四	平	泥	開	山	先	年	ȵian24	过～	2
739	四	入	泥	開	山	屑	捏	niap21	以指尖捏取小面积	8
740	四	去	來	開	山	先	練	lian21	～习，熟～	5
741	四	去	精	開	山	先	薦	ʦan52	推～	2
742	四	入	精	開	山	屑	節	ʨiat21	～约，竹～	5
743	四	平	清	開	山	先	千	ʨʰian33	～万	2
744	四	入	清	開	山	屑	切	ʨʰiat21	～菜	2
745	四	入	從	開	山	屑	截	ʨiat21	～断	2
746	四	平	心	開	山	先	先	ɬian33	祖～，～进，～生	8
747	四	去	見	開	山	先	見	kian52	～人，～识	5
748	四	入	見	開	山	屑	潔	kiat21	～白，清～	5
749	四	平	溪	開	山	先	牽	hian33	～牛花	3
750	四	平	疑	開	山	先	研	ȵian33	～究	2
751	四	上	曉	開	山	先	顯	hian21	明～	2
752	四	平	匣	開	山	先	賢	san24	～惠，圣～	5
753	四	去	匣	開	山	先	現	san21	～在，出～	5
754	四	平	影	開	山	先	煙	ian33	冒～	2
755	四	平	影	開	山	先	燕	ian52	燕子，～窝	5
756	一	平	幫	合	山	寒	搬	pan33	～运	2
757	一	去	幫	合	山	寒	半	pan52	一～，～日	5
758	一	入	幫	合	山	曷	鉢	pat21	花～（花盆），衣～	9
759	一	平	滂	合	山	寒	潘	pʰan33	姓	1
760	一	去	滂	合	山	寒	判	pʰan52	～断，审～	5
761	一	入	滂	合	山	曷	潑	pʰat21	～水；泼辣	5
762	一	平	並	合	山	寒	盤	pʰan24	算～	2
763	一	去	並	合	山	寒	叛	pʰan52	～徒，背～	5
764	一	上	明	合	山	寒	滿	man33	～意	2
765	一	入	明	合	山	曷	末	mei21	～尾	2
766	一	上	端	合	山	寒	短	tuan21	长～	2
767							脫	tʰuat21	～鞋，摆～	5
768	一	平	定	合	山	寒	團	tʰuan24	～结，～长	5
769	一	去	端	合	山	寒	斷	tʰuan33	线断了[白]	6
770	一	去	定	合	山	寒	段	tʰuan21	姓；阶～	4
771	一	入	定	合	山	曷	奪	tʰuat21	～取	2
772	一	上	泥	合	山	寒	暖	nuan33	冷～	2
773	一	上	來	合	山	寒	卵	luan21	鸡～（鸡蛋），～生	9
774	一	去	來	合	山	寒	亂	luan21	混～	2
775	一	入	來	合	山	曷	捋	luat21	捋袖子	3
776	一	平	精	合	山	寒	鑽	ʦuan52	电～[名]，～石	8
777	一	入	清	合	山	曷	撮	ʨiat21	一～毛	3
778	一	平	心	合	山	寒	酸	ɬuan33	～甜	2
779	一	去	心	合	山	寒	蒜	ɬuan52	大蒜，蒜头	5
780	一	平	見	合	山	寒	官	kuan33	～司，当～	5
781	一	上	見	合	山	寒	管	kuan21	～理，气～	5
782	一	去	見	合	山	寒	灌	kuan52	～溉	2
783	一	入	見	合	山	曷	括	kuat21	包～	2
784	一	平	溪	合	山	寒	寬	fɔn33	～松	2
785	一	上	溪	合	山	寒	款	fɔn21	汇～，拨～	5
786	一	入	溪	合	山	曷	闊	fat5	开～	2
787	一	去	疑	合	山	寒	玩	van24	～具，游～	5
788	一	平	曉	合	山	寒	歡	fɔn33	喜～，～喜	5
789	一	平	匣	合	山	寒	丸	van24	肉～，药～	5
790							換	van21	交～[文]	5
791	一	入	匣	合	山	曷	活	vat5	生～	2
792	一	上	影	合	山	寒	碗	vɔn21	饭～	2
793	二	平	疑	合	山	删	頑	ŋan24	～固，～皮	5
794	二	入	匣	合	山	黠	滑	vat5	地～，～稽	5
795	二	入	影	合	山	黠	挖	vat21	～掘[文]	5
796	二	平	見	合	山	删	關	kuan33	～门，海～	5
797	二	入	見	合	山	鎋	刮	kuat21	～毛，搜～	5
798	二	平	匣	合	山	删	還	van24	～钱[白]	5
799	二	平	匣	合	山	删	環	van24	～境	2
800	二	平	影	合	山	删	彎	van33	转～	2
801	三	去	來	合	山	仙	戀	lien24	～爱	2
802	三	入	來	合	山	薛	劣	liɛt5	～质，恶～	5
803	三	平	從	合	山	仙	全	ʨʰuan24	～部，安～	5
804							絕	ʨʰiat5	～对	2
805	三	平	心	合	山	仙	宣	ɬiɛn33	～布，～传	5
806	三	上	心	合	山	仙	選	ɬiɛn21	～择，挑～	5
807	三	入	心	合	山	薛	雪	ɬiɛt21	落～（下雪），～白	9
808	三	平	邪	合	山	仙	旋	ɬiɛn24	～转	2
809	三	上	知	合	山	仙	轉	ʦuan21	～学，～移，翻～	8
810	三	平	澄	合	山	仙	傳	ʨʰiɛn24	～达，流～	5
811	三	平	章	合	山	仙	專	ʧuan33	～门，大～	5
812	三	平	昌	合	山	仙	穿	ʧʰuan33	～堂风，揭～	6
813	三	去	昌	合	山	仙	串	ʧʰuan52	一～，～通	5
814	三	平	船	合	山	仙	船	ɕyɛn24	轮～	2
815							說	suat21	小～	2
816	三	上	日	合	山	仙	軟	ȵiɔn33	～弱	2
817	三b	上	見	合	山	仙	捲	kiɛn21	～起来[动]	6
818	三b	平	溪	合	山	仙	圈	kʰyɛn33	圆～，～套	5
819	三b	平	羣	合	山	仙	拳	kʰiɛn24	～头	2
820	三	平	云	合	山	仙	圓	ian33	团～	2
821	三	去	云	合	山	仙	院	ian21	医～，～长	5
822							閱	iat5	～读	2
823	三	上	非	合	山	元	反	fan33	～对，造～	5
824	三	入	非	合	山	月	發	fat21	～展，～财[文]	8
825	三	入	非	合	山	月	發	fat21	～虫（长虫）[白]	9
826	三	平	敷	合	山	元	翻	fan33	～书[文]	5
827	三	平	敷	合	山	元	翻	fan33	翻转；呕吐[白]	8
828	三	平	奉	合	山	元	煩	fan24	麻～	2
829	三	去	奉	合	山	元	飯	fan21	食～，～店	5
830	三	入	奉	合	山	月	罰	fat5	～款，惩～	5
831	三	上	微	合	山	元	晚	man52	～会	2
832	三	去	微	合	山	元	萬	man21	～一	2
833	三	入	微	合	山	月	襪	mat21	鞋～	2
834	三	去	溪	合	山	元	勸	kʰen52	规～	2
835	三	平	疑	合	山	元	原	ȵian24	～来，平～	5
836	三	去	疑	合	山	元	願	ȵian21	～望	2
837	三	去	影	合	山	元	怨	ian52	～人，埋～	5
838	三	上	云	合	山	元	遠	ian21	永～	2
839							粵	iat5	～东	2
840	四	入	見	合	山	屑	決	kiɛt21	～定	2
841	四	上	溪	合	山	先	犬	kʰiɛn52	狂～病	3
842	四	入	曉	合	山	屑	血	sa21	流～	2
843	四	去	匣	合	山	先	縣	ian21	～长	2
844	四	入	匣	合	山	屑	穴	iat21	～位	2
845	一	平	透	開	臻	痕	吞	tʰun33	～口水	3
846	一	平	見	開	臻	痕	跟	ken33	～从	2
847	一	平	影	開	臻	痕	恩	ian33	～人	2
848	三a	平	幫	開	臻	真	賓	pen33	贵～	2
849	三b	入	幫	開	臻	質	筆	pet21	毛～，～记	5
850	三a	入	滂	開	臻	質	匹	pʰet5	～配	2
851	三b	平	並	開	臻	真	貧	pʰen24	扶～	2
852	三a	平	明	開	臻	真	民	men24	人～，～族	5
853	三b	上	明	開	臻	真	敏	men33	灵～	2
854	三b	入	明	開	臻	質	密	met5	秘～，～封	5
855	三	平	來	開	臻	真	鄰	len24	～居	2
856	三	平	來	開	臻	真	鱗	lən24	鱼～	2
857	三	入	來	開	臻	質	栗	let21	～子	2
858	三	去	精	開	臻	真	進	ʨen52	～步，前～	5
859	三	平	清	開	臻	真	親	ʦʰen33	～生，父～	5
860	三	入	清	開	臻	質	七	ʦʰet21	数字	2
861	三	平	從	開	臻	真	秦	ʦʰen24	姓；～国	4
862	三	上	從	開	臻	真	盡	ʦʰen21	～量，～力，～头	8
863	三	入	從	開	臻	質	疾	ʦʰet5	残～	2
864	三	平	心	開	臻	真	新	ɬen33	～旧	2
865	三	去	心	開	臻	真	信	ɬen52	相～	2
866	三	入	心	開	臻	質	膝	ɬet5	～头（膝盖）	6
867	三	平	知	開	臻	真	珍	ʦen33	～珠	2
868	三	去	知	開	臻	真	鎮	ʦen52	～长，～压	5
869	三	平	澄	開	臻	真	陳	ʦʰen24	姓；～列，～皮	7
870	三	去	澄	開	臻	真	陣	ʦʰen21	～雨	2
871							姪	ʦʰet5	～子	2
872	三	入	生	開	臻	櫛	蝨	ɬet21	虱子，～嫲	5
873	三	平	章	開	臻	真	真	ʦen33	认～，～假	5
874	三	去	章	開	臻	真	振	ʦen52	～动	2
875	三	入	章	開	臻	質	質	ʦet21	～量，品～	5
876	三	平	船	開	臻	真	神	sen24	～仙，精～	5
877	三	入	船	開	臻	質	實	set21	老～，～在	5
878	三	平	書	開	臻	真	身	sen33	～体，上～	5
879	三	入	書	開	臻	質	失	set21	～去，丧～	5
880	三	平	禪	開	臻	真	晨	sen24	朝～	2
881	三	上	禪	開	臻	真	腎	sen21	～病	2
882	三	平	日	開	臻	真	人	ȵen24	老～，～民	5
883	三	平	日	開	臻	真	仁	ȵen24	～义	2
884	三	上	日	開	臻	真	忍	ȵen33	～耐，～受	5
885	三	去	日	開	臻	真	認	ȵen52	承～，～真	5
886							靭	ȵen52	不易断，坚～[文]	9
887	三	入	日	開	臻	質	日	ȵet21	十～，～期	5
888	三a	上	見	開	臻	真	緊	ken21	～张	2
889	三a	入	見	開	臻	質	吉	ket21	～利	2
890	三b	平	疑	開	臻	真	銀	ŋen24	金～，～行	5
891	三a	平	影	開	臻	真	因	jen33	原～	2
892	三a	去	影	開	臻	真	印	jen52	手～	2
893	三b	入	影	開	臻	質	乙	jat21	天干，甲乙丙丁	7
894	三a	入	影	開	臻	質	一	jet21	数字	2
895	三	上	以	開	臻	真	引	jen21	吸～	2
896	三	平	見	開	臻	殷	斤	ken33	～两	2
897	三	上	見	開	臻	殷	謹	ken21	～慎，严～	5
898	三	平	羣	開	臻	殷	勤	kʰen24	～劳	2
899	三	上	羣	開	臻	殷	近	kʰen33	最～，～来[文]	8
900	三	上	羣	開	臻	殷	近	kʰen33	远近[白]	5
901	三	平	曉	開	臻	殷	欣	hen33	～赏	2
902	三	上	影	開	臻	殷	隱	jen21	～形，～身	6
903	一	上	幫	合	臻	魂	本	pen21	～来，书～	5
904	三	上	非	開	流	尤	不	pet21	～过	2
905	一	平	並	合	臻	魂	盆	pʰen24	面～（脸盆），～地	9
906	一	上	並	合	臻	魂	笨	pen52	～蛋[文]	5
907	一	平	明	合	臻	魂	門	men24	关～	2
908	一	平	端	合	臻	魂	墩	ten33	桥～	2
909	一	去	端	合	臻	魂	頓	ten21	停～，～脚	5
910	一	上	定	合	臻	魂	盾	tʰen21	矛～	2
911	一	入	定	合	臻	没	突	tʰet5	～然	2
912	一	去	泥	合	臻	魂	嫩	nen21	不老	2
913	一	平	來	合	臻	魂	論	len21	议～，～文	5
914	一	平	精	合	臻	魂	尊	zen33	～重	2
915	一	平	清	合	臻	魂	村	ʦʰen33	～长	2
916	一	去	清	合	臻	魂	寸	ʦʰen33	尺～	2
917	一	平	從	合	臻	魂	存	ʦʰen24	～在，～折，储～	8
918	一	平	心	合	臻	魂	孫	ɬen33	姓；子～	4
919	一	上	心	合	臻	魂	損	ɬen21	～坏	2
920							滾	kun21	～动；水开	5
921	一	去	見	合	臻	魂	棍	kun52	长～	2
922	一	入	見	合	臻	没	骨	kut21	～头	2
923	一	平	溪	合	臻	魂	坤	kun33	乾～	2
924	一	去	溪	合	臻	魂	困	kun52	～难	2
925	一	平	曉	合	臻	魂	婚	fen33	结～	2
926	一	入	曉	合	臻	没	忽	fet5	～然	2
927							溫	ven33	～度，～和	5
928	一	上	影	合	臻	魂	穩	ven21	～定，求～	5
929	三	平	來	合	臻	真	輪	len24	车～，～流	5
930	三	入	來	合	臻	質	律	let5	法～，～师	5
931	三	去	精	合	臻	真	俊	ʦen52	英～	2
932	三	去	心	合	臻	真	迅	ɬen52	～速	2
933	三	平	邪	合	臻	真	循	ʦʰen24	遵～，～环	5
934	三	入	章	合	山	薛	準	ʦen21	瞄～，～则	5
935	三	平	昌	合	臻	真	春	ʦʰen33	立～	2
936	三	上	昌	合	臻	真	蠢	ʦʰen21	～才	2
937	三	入	昌	合	臻	質	出	ʦʰet21	～入，～发	5
938	三	入	船	合	臻	質	術	set5	技～	2
939	三	平	禪	合	臻	真	純	sen24	单～，～粹	5
940	三	去	日	合	臻	真	潤	ȵien21	利～，～色	5
941	三a	平	見	合	臻	真	均	kun33	平～，～匀	5
942	三b	上	羣	合	臻	真	菌	kʰun21	细～	2
943	三	上	以	合	臻	真	允	jen21	～许	2
944	三	平	非	合	臻	文	分	fen33	～数，区～[文]	8
945	三	平	非	合	臻	文	分	fen33	给[白]	4
946	三	上	非	合	臻	文	粉	fen21	～笔，面～[文]	8
947	三	去	非	合	臻	文	糞	fen52	粪便	2
948	三	平	奉	合	臻	文	墳	fen24	～墓，上～	5
949	三	去	奉	合	臻	文	份	fen21	～量	2
950	三	入	奉	合	臻	物	佛	fet21	拜～	2
951	三	平	微	合	臻	文	文	ven24	～章，论～	5
952	三	平	微	合	臻	文	蚊	men24	～香	2
953	三	去	微	合	臻	文	問	men52	～题	2
954	三	入	微	合	臻	物	物	met5	～理[文]	5
955	三	平	見	合	臻	文	軍	kun33	～队，参～	5
956	三	入	溪	合	臻	物	屈	kʰet5	委～，～服[文]	8
957	三	入	溪	合	臻	物	屈	kʰet5	委屈，～气[白]	8
958	三	平	羣	合	臻	文	裙	kʰun24	裙子	2
959	三	平	曉	合	臻	文	熏	fen33	～陶，烟～人[文]	9
960	三	去	曉	合	臻	文	訓	fen52	教～，～人	5
961	三	平	云	合	臻	文	雲	jen24	乌～	2
962	三	去	云	合	臻	文	運	jen21	～气，好～	5
963	一	平	幫	開	宕	唐	幫	pɔŋ33	～忙	2
964	一	入	幫	開	宕	鐸	博	pok21	～士，广～	5
965	一	平	並	開	宕	唐	旁	pʰɔŋ24	～边	2
966	一	去	並	合	果	歌	薄	pʰok5	不厚，～弱	5
967	一	平	明	開	宕	唐	忙	mɔŋ24	农～，～碌	5
968	一	入	明	開	宕	鐸	莫	mok5	不要，～非	5
969	一	入	明	開	宕	鐸	膜	mok5	薄～	2
970	一	入	明	開	宕	鐸	摸	mɔ33	偷偷～～[文]	7
971	一	入	明	開	宕	鐸	摸	mɔ33	～来～去[白]	7
972	一	平	端	開	宕	唐	當	tɔŋ33	～时，应～，～官	8
973	一	上	端	開	宕	唐	擋	tɔŋ21	阻～，～风	5
974	一	平	端	開	宕	唐	當	tɔŋ33	～铺，恰～；唔～（不如）	12
975	一	平	透	開	宕	唐	湯	tʰɔŋ33	煮～；姓	4
976	一	入	透	開	宕	鐸	托	tʰok21	手承物，～盘	6
977	一	平	定	開	宕	唐	塘	tʰɔŋ24	鱼～	2
978	一	入	泥	開	宕	鐸	諾	nɔk21	承～，～言	5
979	一	平	來	開	宕	唐	郎	lɔŋ24	新～；姓，～平	7
980	一	去	來	開	宕	唐	浪	lɔŋ21	风～，～费	5
981	一	入	來	開	宕	鐸	落	lɔk5	下落	2
982	一	去	精	開	宕	唐	葬	ʦɔŋ52	埋～，落～	5
983	一	入	精	開	宕	鐸	作	ʦɔk21	工～，种～	5
984	一	平	清	開	宕	唐	倉	ʦʰɔŋ33	～库	2
985	一	入	從	開	宕	鐸	鑿	ʦʰɔk5	用凿子凿	4
986	一	平	心	開	宕	唐	桑	ɬɔŋ33	～叶	2
987	一	入	心	開	宕	鐸	索	ɬɔk21	绳子，线～	5
988	一	平	見	開	宕	唐	鋼	kɔŋ52	炼～，～笔	5
989	一	平	見	開	宕	唐	缸	kɔŋ33	水～	2
990	一	入	見	開	宕	鐸	各	kɔk21	～人	2
991	一	平	溪	開	宕	唐	康	kʰɔŋ33	健～	2
992	一	平	溪	開	宕	唐	糠	hɔŋ33	谷～	2
993	一	去	溪	開	宕	唐	抗	kʰɔŋ52	反～，～战	5
994	一	平	疑	開	宕	唐	昂	ŋɔŋ24	～首挺胸，气～～	8
995	一	平	匣	開	宕	唐	行	hɔŋ24	银～	2
996	一	去	影	合	遇	模	惡	ɔk21	善～，～霸	5
997	三	平	娘	開	宕	陽	娘	ȵiɔŋ24	姑～	2
998	三	平	來	開	宕	陽	凉	liɔŋ24	天～	2
999	三	上	來	開	宕	陽	兩	liɔŋ21	～个	2
1000	三	上	來	開	宕	陽	兩	liɔŋ33	半斤八～	4
1001	三	平	來	開	宕	陽	量	liɔŋ33	数～	2
1002	三	入	來	開	宕	藥	略	liɔt5	省～	2
1003	三	平	精	開	宕	陽	漿	ʨiɔŋ33	豆～，～糊	5
1004	三	上	精	開	宕	陽	獎	ʨiɔŋ21	～金，得～	5
1005	三	去	精	開	宕	陽	醬	ʨiɔŋ33	沙茶～，辣椒～	7
1006	三	入	精	開	宕	藥	雀	ʨʰiɔt21	麻～，～斑	5
1007	三	平	清	開	宕	陽	槍	ʨʰiɔŋ33	手～	2
1008	三	上	清	開	宕	陽	搶	ʨʰiɔŋ21	～劫	2
1009	三	平	從	開	宕	陽	牆	ʨʰiɔŋ24	～壁	2
1010	三	平	心	開	宕	陽	箱	ɬiɔŋ33	皮～	2
1011	三	上	心	開	宕	陽	想	ɬiɔŋ21	～法，思～	5
1012	三	入	心	開	宕	藥	削	ɬɔk21	～皮，剥～	5
1013	三	平	邪	開	宕	陽	詳	ʨʰiɔŋ24	～细	2
1014	三	上	邪	開	宕	陽	象	ʨiɔŋ21	气～	2
1015	三	上	邪	開	宕	陽	象	ɬiɔŋ33	大～	2
1016	三	上	邪	開	宕	陽	像	ʨiɔŋ21	好～，相～	5
1017	三	平	知	開	宕	陽	張	ʧɔŋ33	紧～；姓；装东西	8
1018	三	上	知	開	宕	陽	長	ʧɔŋ24	生～，省～	5
1019	三	去	知	開	宕	陽	脹	ʧɔŋ52	～肚，膨～	5
1020	三	入	知	開	宕	藥	着	ʧɔk21	～衫（穿衣服）	7
1021	三	上	知	開	宕	陽	長	ʧɔŋ24	～期，～短	5
1022	三	上	澄	開	宕	陽	丈	ʦʰɔŋ21	三丈	2
1023	三	入	知	開	宕	藥	着	ʧʰok5	～火	2
1024	三	平	莊	開	宕	陽	裝	ʧɔŋ33	假～	2
1025	三	去	莊	開	宕	陽	壯	ʧɔŋ52	强～	2
1026	三	平	崇	開	宕	陽	牀	ʧʰɔŋ24	眠～	2
1027	三	去	崇	開	宕	陽	狀	ʧʰɔŋ21	告～，～元，～态	8
1028	三	平	生	開	宕	陽	霜	ɬɔŋ33	落～，～降	5
1029	三	上	生	開	宕	陽	爽	ɬɔŋ21	～快，直～	5
1030	三	平	章	開	宕	陽	章	ʧɔŋ33	姓；文～	4
1031	三	上	章	開	宕	陽	掌	ʧɔŋ21	巴～，～握	5
1032	三	上	昌	開	宕	陽	廠	ʧʰɔŋ21	～长	2
1033	三	去	昌	開	宕	陽	唱	ʧʰɔŋ52	～歌	2
1034	三	平	書	開	宕	陽	傷	sɔŋ33	受～	2
1035	三	上	書	開	宕	陽	賞	sɔŋ33	欣～，～金	5
1036	三	平	禪	開	宕	陽	常	sɔŋ24	经～，～识；姓	7
1037	三	上	禪	開	宕	陽	上	sɔŋ33	～山[动]	5
1038	三	上	禪	開	宕	陽	上	sɔŋ33	～背[方位]；～海（地名）	13
1039	三	入	禪	開	宕	藥	勺	sɔk5	饭～	2
1040	三	平	日	開	宕	陽	瓤	nɔŋ24	瓜～	2
1041	三	去	日	開	宕	陽	讓	ȵiɔŋ52	～位	2
1042	三	入	日	開	宕	藥	弱	ȵiɔk5	～点	2
1043	三	平	見	開	宕	陽	薑	kiɔŋ33	～糖	2
1044	三	入	見	開	宕	藥	腳	kiɔk21	赤～	2
1045							強	kʰiɔŋ24	～大，坚～	5
1046	三	入	見	開	宕	藥	卻	kʰiok21	退～，～步	5
1047	三	上	疑	開	宕	陽	仰	ȵiɔŋ33	～视	2
1048	三	平	曉	開	宕	陽	香	sɔŋ33	～味，烧～；～港（地名）	12
1049	三	上	曉	開	宕	陽	響	sɔŋ21	音～	2
1050	三	去	曉	開	宕	陽	向	hiɔŋ52	～东	2
1051	三	平	影	開	宕	陽	秧	iɔŋ33	插～，～苗	5
1052	三	入	影	開	宕	藥	約	jɔk21	大～，～会	5
1053	三	平	以	開	宕	陽	羊	jɔŋ24		0
1054	三	上	以	開	宕	陽	養	jɔŋ33	培～，～猪	5
1055	三	去	以	開	宕	陽	樣	jɔŋ21	一～	2
1056	三	入	以	開	宕	藥	藥	jɔk5	中～，～片	5
1057	三	入	以	開	宕	藥	躍	jɔk21	跳～，大～进	6
1058	一	平	見	合	宕	唐	光	kuɔŋ33	阳～，～明	5
1059	一	上	見	合	宕	唐	廣	kuɔŋ21	推～；～东（地名）	9
1060	一	入	見	合	宕	鐸	郭	kuɔk21	姓，～靖	4
1061	一	入	溪	合	宕	鐸	擴	kʰɔŋ52	～充，～大	5
1062	一	平	曉	合	宕	唐	荒	fɔŋ33	开～，～唐	5
1063	一	入	曉	合	宕	鐸	霍	fɔk21	姓；～乱	4
1064							黃	vɔŋ24	姓；～色	4
1065	三	平	非	合	宕	陽	方	fɔŋ33	地～，大～	5
1066	三	去	非	合	宕	陽	放	fɔŋ52	解～，～心[文]	8
1067	三	上	敷	合	宕	陽	紡	fɔŋ21	～织	2
1068	三	平	奉	合	宕	陽	房	fɔŋ24	～间	2
1069	三	平	奉	合	宕	陽	防	fɔŋ24	～止，国～	5
1070	三	平	微	合	宕	陽	亡	mɔŋ24	死～	2
1071	三	上	微	合	宕	陽	網	mɔŋ21	鱼～，～络	5
1072	三	去	微	合	宕	陽	望	mɔŋ21	失～	2
1073	三	平	羣	合	宕	陽	狂	kʰɔŋ24	发～	2
1074	三	上	影	合	宕	陽	枉	wɔŋ21	冤～	2
1075	三	平	云	合	宕	陽	王	wɔŋ24	姓；大～	4
1076	三	上	云	合	宕	陽	往	wɔŋ21	来～，～日	5
1077	三	去	云	合	宕	陽	旺	wɔŋ21	兴～	2
1078	二	上	幫	開	江	江	綁	pɔŋ21	捆～	2
1079							剝	pɔk5	～削，～皮	5
1080	二	入	知	開	江	覺	桌	ʦʰɔk21	书～	2
1081	二	入	知	開	江	覺	琢	ʦʰɔk5	～磨，雕～	5
1082	二	入	知	開	江	覺	啄	ʦʰɔk5	～木鸟，鸡～米	7
1083	二	入	澄	開	江	覺	濁	ʦʰuk5	浑～	2
1084	二	平	初	開	江	江	窗	ʦʰɔŋ33	门～，～帘	5
1085	二	平	生	開	江	江	雙	ɬuŋ33	一～鞋	3
1086	二	平	見	開	江	江	江	kɔŋ33	长～，～湖	5
1087	二	上	見	開	江	江	講	kɔŋ21	～话	2
1088	二	上	見	開	江	江	港	kɔŋ21	～口；香～（地名）	9
1089	二	去	見	開	江	江	降	kɔŋ52	下～，～低	5
1090	二	入	見	開	江	覺	角	kɔk21	牛～，～色	5
1091	二	入	見	開	江	覺	餃	kau24	饺子，水～	5
1092	二	平	溪	開	江	江	腔	hɔŋ33	口～	2
1093	二	入	溪	開	江	覺	確	kʰɔk21	～定，的～	5
1094	二	入	溪	開	江	覺	殼	hɔk21	贝～	2
1095	二	去	疑	開	效	肴	樂	lɔk5	音～	2
1096	二	去	匣	開	江	江	巷	hɔŋ21	巷子，两条～	6
1097	二	入	匣	開	江	覺	學	hɔk5	数～，～习	5
1098	二	入	影	開	江	覺	握	ɔk21	～手，把～	5
1099	一	入	幫	開	曾	德	北	pɛt21	东南西北	4
1100	一	平	並	開	曾	登	朋	pʰɛn24	～友	2
1101	一	入	明	開	曾	德	墨	mak5	～水	2
1102	一	平	端	開	曾	登	燈	tɛn33	～光	2
1103	一	上	端	開	曾	登	等	tɛn21	～人，高～	5
1104	一	去	端	開	曾	登	凳	tɛn52	凳子	2
1105	一	入	端	開	曾	德	得	tɛt21	获～，～意	5
1106	一	平	定	開	曾	登	藤	tʰɛn24	～椅	2
1107	一	去	定	開	曾	登	鄧	tʰɛn21	姓，～小平	5
1108	一	入	定	開	曾	德	特	tʰɛt5	～别	2
1109	一	平	泥	開	蟹	咍	能	nɛn24	才～，～够	5
1110	一	平	精	開	曾	登	曾	ʦɛn33	姓	1
1111	一	入	精	開	曾	德	則	ʦɛt21	否～，规～	5
1112	一	平	從	開	曾	登	層	ʦʰɛn24	～次	2
1113	一	去	從	開	曾	登	贈	ʦʰɛn21	～送	2
1114	一	入	心	開	曾	德	塞	ɬɛt5	堵～，～车	5
1115	一	上	溪	開	曾	登	肯	kʰɛn21	～定，中～[文]	8
1116	一	上	溪	開	曾	登	肯	hɛn21	愿意，～去[白]	8
1117	一	入	溪	開	曾	德	克	hᴇt21	～服，攻～	5
1118	一	入	曉	開	曾	德	黑	hɛt21	～白	2
1119	三	平	幫	開	曾	蒸	冰	pɛn33	结～，～箱	5
1120	三	入	來	開	曾	職	力	lɛt5	大～，～量	5
1121	三	入	心	開	曾	職	息	ɬɛt21	休～[文]	5
1122	三	入	澄	開	曾	職	直	ʦʰɛt5	～接	2
1123	三	入	生	開	曾	職	色	ɬɛt21	颜～，～彩	5
1124	三	平	章	開	曾	蒸	蒸	ʧɛn33	清～，～发	5
1125	三	去	章	開	曾	蒸	證	ʧɛn52	～明	2
1126	三	入	章	開	曾	職	織	ʧɛt21	纺～，～布	5
1127	三	去	昌	開	曾	蒸	秤	ʧʰɛn52	用以称物，～砣	7
1128	三	入	船	開	曾	職	食	sɛt5	粮～；吃	4
1129	三	平	書	開	曾	蒸	升	sɛn33	～级	2
1130	三	平	書	開	曾	蒸	勝	sɛn52	～利，战～	5
1131	三	入	書	開	曾	職	識	sɛt21	相～，～字	5
1132	三	入	羣	開	曾	職	極	kʰɛt21	南～	2
1133	三	平	曉	開	曾	蒸	興	sɛn33	～旺；绍～（地名）	9
1134	三	平	曉	開	曾	蒸	興	sɛn52	高～，～趣[文]	8
1135	三	平	曉	開	曾	蒸	興	sɛn52	高兴[白]	5
1136	三	平	以	開	曾	蒸	蠅	jɛn24	乌～（苍蝇）	6
1137	三	入	以	開	曾	職	翼	jɛt21	鸡～，机～	5
1138	一	入	見	合	曾	德	國	kᵘɔk21	～家，中～	5
1139	一	平	匣	合	曾	登	弘	waŋ24	～扬	2
1140	一	入	匣	合	曾	德	或	wak5	～者	2
1141	二	入	幫	開	梗	陌	百	pak21	～姓	2
1142	二	入	滂	開	梗	陌	拍	pʰak21	～片，～球	5
1143	二	平	並	開	梗	庚	彭	pʰɛn24	姓，～德怀	5
1144	二	入	並	開	梗	陌	白	pʰak5	～色	2
1145	二	上	明	開	梗	庚	猛	maŋ21	～烈，凶～	5
1146	二	上	端	開	梗	庚	打	ta21	～针	2
1147	二	上	來	開	梗	庚	冷	laŋ33	～热，～清	5
1148							撐	ʦʰaŋ33	支～，～开	5
1149	二	入	澄	開	梗	陌	擇	ʦʰat5	选～[文]	5
1150	二	入	澄	開	梗	陌	擇	ʦʰat5	～菜[白]	5
1151	二	平	生	開	梗	庚	生	ɬaŋ33	学～，～活[文]	8
1152	二	平	生	開	梗	庚	生	ɬaŋ33	与“死”相对[白]	9
1153	二	平	見	開	梗	庚	更	kən52	～加	2
1154	二	平	溪	開	梗	庚	坑	haŋ33	水～，～沟	5
1155	二	入	溪	開	梗	陌	客	hak5	请～	2
1156	二	去	疑	開	梗	庚	硬	ŋaŋ21	软～	2
1157	二	入	疑	開	梗	陌	額	ŋat21	名～	2
1158	二	去	曉	開	假	麻	嚇	hak21	～一跳	3
1159	一	平	匣	開	宕	唐	行	haŋ24	～为；行走	5
1160	二	平	並	開	梗	耕	棚	pʰən24	楼～，瓜～	5
1161	二	入	明	開	梗	麥	麥	mak5	小～，～芽糖	6
1162	二	入	知	開	梗	麥	摘	ʧak21	～菜	2
1163							爭	ʧaŋ33	～取，斗～[文]	8
1164							爭	ʧaŋ33	相～，～唔多（差不多）[白]	14
1165	二	入	莊	開	梗	麥	責	ʧak21	～任，负～	5
1166							冊	ʧʰak21	两～，～封	5
1167	二	平	見	開	梗	耕	耕	kam33	～田	2
1168	二	上	見	開	梗	耕	耿	kam21	忠心～～；姓，～精忠	10
1169	二	入	見	開	梗	麥	革	kak21	～命，改～	5
1170	二	入	見	開	梗	麥	隔	kak21	～壁	2
1171	二	上	匣	開	梗	耕	幸	hən21	荣～，～福	5
1172	二	入	影	開	梗	麥	扼	ak21	～杀，～制	5
1173	三	平	幫	開	梗	庚	兵	pən33	当～	2
1174	三	上	幫	開	梗	庚	丙	piaŋ21	天干，甲乙丙丁	7
1175	三	去	幫	開	梗	庚	柄	piaŋ52	刀～，把～	5
1176	三	平	並	開	梗	庚	平	pʰən24	和～，～时[文]	8
1177	三	平	並	開	梗	庚	平	pʰən24	～头，～地[白]	8
1178	三	去	並	開	梗	庚	病	pʰiaŋ21	～人	2
1179	三	去	明	開	梗	庚	命	miaŋ21	～令[文]	5
1180	三	去	明	開	梗	庚	命	miaŋ21	～运，算～[白]	8
1181	三	平	見	開	梗	庚	驚	kiaŋ33	害怕；～蛰	5
1182	三	上	見	開	梗	庚	景	kən21	～色，风～	5
1183	三	去	見	開	梗	庚	敬	kən52	尊～，～酒	5
1184	三	去	見	開	梗	庚	鏡	kiaŋ52	镜子	2
1185	三	去	溪	開	梗	庚	慶	hən52	～祝	2
1186	三	入	羣	開	梗	陌	屐	kʰiak5	木～	2
1187	三	平	疑	開	梗	庚	迎	ȵiaŋ24	～接，欢～	5
1188	三	入	疑	開	梗	陌	逆	ŋak5	～风	2
1189	三	平	影	開	梗	庚	英	jən33	～雄；～国（国名）	9
1190	三	上	影	開	梗	庚	影	jaŋ21	电～	2
1191	三	平	明	開	梗	清	名	miaŋ24	姓～	2
1192	三	上	來	開	梗	清	領	liaŋ33	～导，衫～（衣领）	9
1193	三	平	來	開	山	仙	令	lən21	命～，口～	5
1194	三	平	精	開	梗	清	精	ʦən33	～神	2
1195	三	上	精	開	梗	清	井	ʨiaŋ21	～水，～～有条	7
1196	三	入	精	開	梗	昔	跡	ʨiak21	～象，痕～[文]	8
1197	三	入	精	開	梗	昔	跡	ʨiak21	脚～，油～[白]	8
1198	三	平	從	開	梗	清	晴	ʦʰən33	天～	2
1199							淨	ʨiaŋ33	干～	2
1200	三	去	心	開	梗	清	姓	ɬiaŋ52	～名	2
1201	三	入	心	開	梗	昔	惜	ɬɛt21	疼爱[白]	5
1202	三	入	邪	開	梗	昔	席	ʦʰɛt5	酒～，主～	5
1203	三	入	邪	開	梗	昔	蓆	ʨʰiak5	草～	2
1204	三	去	澄	開	梗	清	鄭	ʦʰaŋ52	～重；姓	4
1205	三	平	章	開	梗	清	正	ʦaŋ33	～月	2
1206	三	平	章	開	梗	清	正	ʦən52	立～，～直[文]	8
1207	三	平	章	開	梗	清	正	ʦən52	～好，～来[白]	8
1208	三	入	章	開	梗	昔	隻	ʦak5	两～	2
1209	三	入	昌	開	梗	昔	赤	ʨiak21	～色，～脚	5
1210	三	平	書	開	梗	清	聲	saŋ33	～音，笑～	5
1211	三	平	禪	開	梗	清	城	saŋ24	～市，县～	5
1212	三	入	禪	開	梗	昔	石	sak5	～头，～榴	5
1213	三	上	見	開	梗	清	頸	kiaŋ21	脖子	2
1214	三	平	以	開	梗	清	贏	jaŋ24	～输	2
1215	三	去	以	開	止	支	易	ji33	交～，贸～	5
1216	四	入	幫	開	梗	錫	壁	piak21	墙～	2
1217	四	入	滂	開	梗	錫	劈	pʰiak5	～开，用刀～，雷～	9
1218	四	平	端	開	梗	青	釘	tɛn33	铁～[名]	5
1219	四	上	端	開	梗	青	頂	tən21	山～[白]	5
1220	四	上	端	開	梗	青	頂	tən21	～唔得（顶不住）[文]	11
1221	四	入	端	開	梗	錫	滴	dɛt21	～水，两～	5
1222	四	平	透	開	梗	青	聽	tʰɛn33	～话	2
1223	四	入	透	開	梗	錫	踢	tʰɛk21	～球	2
1224	四	平	定	開	梗	青	停	tʰɛn24	～止	2
1225	四	去	定	開	梗	青	定	tʰɛn21	稳～；永～（地名）	9
1226	四	入	定	開	梗	錫	笛	tʰɛk5	笛子	2
1227	四	入	定	開	梗	錫	敵	tʰɛk5	～人	2
1228	四	平	來	開	梗	青	靈	lɛn24	～活	2
1229	四	去	來	開	梗	青	另	lɛn21	～外	2
1230	四	入	來	開	梗	錫	曆	lɛt5	日～，～书	5
1231	四	平	清	開	梗	青	青	ʨiaŋ33	～色，～年	5
1232	四	上	心	開	梗	青	醒	ɬiaŋ21	清～，～过来	6
1233	四	入	見	開	梗	錫	激	kɛt21	～动	2
1234	四	平	匣	開	梗	青	形	jiŋ24	～状，地～	5
1235	二	上	見	合	梗	庚	礦	kᵘɔŋ52	煤～，～工	5
1236							橫	wɔŋ24	～直	2
1237	三	平	曉	合	梗	庚	兄	suŋ33	～弟	2
1238	三	平	云	合	梗	庚	榮	jiŋ24	光～，～誉	5
1239	三	上	云	合	梗	庚	永	jyn21	～远	2
1240	三	平	溪	合	梗	清	傾	kʰɛn33	～向，左～	5
1241	一	入	幫	合	通	屋	卜	pʰɔk5	萝～	2
1242	一	平	並	合	通	東	篷	pʰən24	帐～	2
1243	一	平	明	合	通	東	蒙	mən24	～蔽，天～～，～古（地名）	13
1244	一	入	明	合	通	屋	木	muk21	～工	2
1245	一	平	端	合	通	東	東	tɔŋ33	东南西北	4
1246	一	去	端	合	通	東	凍	laŋ33	冰～，～伤	5
1247	一	平	透	合	通	東	通	tʰuŋ33	～过，～风，打～	8
1248	一	上	透	合	通	東	桶	tʰuŋ21	水～	2
1249	一	去	透	合	通	東	痛	tʰuŋ52	～苦	2
1250	一	平	定	合	通	東	同	tʰuŋ24	相～，～学	5
1251	一	去	定	合	通	東	洞	tʰuŋ21	山～，～察	5
1252	一	入	定	合	通	屋	讀	tʰuk5	～书，阅～	5
1253	一	平	來	合	通	東	聾	luŋ33	耳～	2
1254	一	入	來	合	通	屋	鹿	luk5	～角，梅花～	6
1255	一	上	精	合	通	東	總	ʦuŋ21	～共，汇～	5
1256	一	去	精	合	通	東	糉	ʦuŋ52	粽子	2
1257							蔥	ʦʰuŋ33		0
1258	一	入	從	合	通	屋	族	ʦʰuk5	～长，民～	5
1259	一	去	心	合	通	東	送	ɬuŋ52	～人	2
1260	一	入	心	合	通	屋	速	ʦʰuk21	～度	2
1261	一	平	見	合	通	東	公	kuŋ33	～安，办～	5
1262	一	去	見	合	通	東	貢	kuŋ52	～献	2
1263	一	入	見	合	通	屋	穀	kuk21	五～	2
1264	一	平	溪	合	通	東	空	huŋ33	～虚，天～	5
1265	一	去	溪	合	通	東	控	huŋ52	～制	2
1266	一	平	匣	合	通	東	紅	fuŋ24	～色	2
1267	一	平	影	合	通	東	翁	juŋ33	白头～；姓	5
1268	一	入	影	合	通	屋	屋	ok21	老～	2
1269	一	平	泥	合	通	冬	農	nuŋ24	～村	2
1270	一	平	精	合	通	冬	宗	ʧuŋ33	祖～，～教	5
1271	一	去	心	合	通	東	鬆	ɬuŋ33	轻～，放～	5
1272	三	平	非	合	通	東	風	fuŋ33	大～，～气	5
1273	三	入	非	合	通	屋	福	fuk21	～气，享～	5
1274	三	去	奉	合	通	東	鳳	fuŋ21	～凰	2
1275	三	入	奉	合	通	屋	服	fuk5	～务	2
1276	三	去	明	合	通	東	夢	muŋ21	发～	2
1277	三	入	來	合	通	屋	六	luk21	数字	2
1278	三	去	心	開	流	尤	宿	ɬuk21	～舍，住～	5
1279	三	入	知	合	通	屋	竹	ʦuk21	～叶	2
1280	三	平	澄	合	通	東	蟲	ʦʰuŋ24	害～	2
1281	三	入	澄	合	通	屋	軸	ʦʰuk5	压～，～承	5
1282	三	入	生	合	通	屋	縮	suk5	压～，～小	5
1283	三	平	章	合	通	東	終	ʦuŋ33	～于，始～	5
1284	三	入	章	合	通	屋	祝	ʦuk21	～贺，庆～	5
1285	三	平	昌	合	通	東	充	ʦʰuŋ33	～分，冒～	5
1286	三	入	書	合	通	屋	叔	suk21	二～，～～	5
1287	三	入	禪	合	通	屋	熟	suk5	煮～，～悉	5
1288	三	入	日	合	通	屋	肉	ȵok21	猪～	2
1289	三	平	見	合	通	東	弓	kuŋ33	～箭	2
1290	三	入	見	合	通	屋	菊	kuk21	～花	2
1291	三	平	羣	合	通	東	窮	kʰuŋ24	～人，无～	5
1292	三	入	曉	合	通	屋	蓄	ʦʰuk21	储～，～水	5
1293	三	平	云	合	通	東	熊	juŋ24	～猫	2
1294	三	平	云	合	通	東	雄	hiɔŋ24	英～	2
1295	三	入	以	合	通	屋	育	juk21	教～	2
1296	三	平	娘	合	通	鍾	濃	nɔŋ24	～淡；稠密[白]	8
1297	三	平	來	合	通	鍾	龍	lɔŋ24	～头	2
1298							綠	luk5	～色	2
1299	三	平	精	合	通	鍾	蹤	zuŋ33	失～，～影	5
1300	三	入	精	合	通	燭	足	zuk21	～球，满～	5
1301	三	平	清	合	通	鍾	從	ʦʰuŋ24	跟～，～来	5
1302	三	入	心	合	通	燭	粟	ɬuk21	包～，～米，～子粄	9
1303	三	平	邪	合	通	鍾	松	ʦʰɔŋ24	～树	2
1304	三	去	邪	合	通	鍾	頌	ʦʰɔŋ21	歌～	2
1305	三	入	邪	合	通	燭	俗	ʦʰuk5	风～	2
1306	三	平	章	合	通	鍾	鐘	ʧuŋ33	两点～，闹～	6
1307	三	上	章	合	通	鍾	種	ʧuŋ21	～类，树～[名，量]	10
1308	三	上	章	合	通	鍾	種	ʧuŋ52	～田[动]	5
1309	三	入	昌	合	通	燭	觸	ʦʰuk21	接～，～犯	5
1310	三	入	書	合	通	燭	束	ʦʰuk21	结～	2
1311	三	入	禪	合	通	燭	屬	suk5	～于，家～	5
1312	三	上	見	合	通	鍾	鞏	kuŋ21	～固	2
1313	三	去	羣	合	通	鍾	共	kʰuŋ21	一～，～同	5
1314	三	入	羣	合	通	燭	局	kʰuk5	～部，公安～	6
1315	三	入	疑	合	通	燭	玉	ȵuk5	白～	2
1316	三	平	以	合	通	鍾	容	jɔŋ24	～易，宽～	5
1317	三	上	以	合	通	鍾	勇	ȵuŋ21	～敢	2
1318	三	去	以	合	通	鍾	用	juŋ21	～处	2
1319	三	入	以	合	通	燭	慾	juk5	～望，贪～	5
1320	三	去	羣	開	山	元	健	kian21	～康	2
